record_id,entreprise_id,entreprise,champ,valeur,periode,perimetre,mode_obtention,formule,source_id,source_url,niveau_source,statut_audit,commentaire_audit
1,1,THALES,id,1,2026-08-12,groupe / entité selon libellé,synthese_documentaire,,SRC0005,https://www.thalesgroup.com/,A2 - source primaire corporate,documente,
1,1,THALES,slug,thales,2026-08-12,groupe / entité selon libellé,synthese_documentaire,,SRC0005,https://www.thalesgroup.com/,A2 - source primaire corporate,documente,
1,1,THALES,entreprise,THALES,2026-08-12,groupe / entité selon libellé,synthese_documentaire,,SRC0005,https://www.thalesgroup.com/,A2 - source primaire corporate,documente,
1,1,THALES,categorie,Grand maître d’œuvre / systémier,2026-08-12,groupe / entité selon libellé,synthese_documentaire,,SRC0005,https://www.thalesgroup.com/,A2 - source primaire corporate,documente,
1,1,THALES,secteur_principal,Électronique & C4ISR,2026-08-12,groupe / entité selon libellé,synthese_documentaire,,SRC0005,https://www.thalesgroup.com/,A2 - source primaire corporate,documente,
1,1,THALES,specialite,"Électronique de défense, radars, C4ISR, sonars, cyber et spatial",2026-08-12,groupe / entité selon libellé,synthese_documentaire,,SRC0005,https://www.thalesgroup.com/,A2 - source primaire corporate,documente,
1,1,THALES,secteurs,"Électronique, C4ISR, radars, sonars, guerre électronique, optronique, communications sécurisées, cyber, spatial.",2026-08-12,groupe / entité selon libellé,synthese_documentaire,,SRC0005,https://www.thalesgroup.com/,A2 - source primaire corporate,documente,
1,1,THALES,description,"Thales est le grand systémier français de l’électronique de défense : capteurs, radars, sonars, communications tactiques, guerre électronique, optronique, cybersécurité et systèmes spatiaux. Le groupe équipe les trois armées françaises et de nombreuses forces alliées, avec une présence critique sur le Rafale, la défense aérienne SAMP/T NG, les frégates et sous-marins, ainsi que les réseaux de commandement. Sa maîtrise des capteurs, des liaisons sécurisées et de la chaîne de décision lui confère un rôle souverain majeur dans la supériorité informationnelle et la conduite des opérations.",2026-08-12,groupe / entité selon libellé,synthese_documentaire,,SRC0005,https://www.thalesgroup.com/,A2 - source primaire corporate,documente,
1,1,THALES,siege_ville,Meudon,2026-08-12,France / périmètre corporate indiqué,publie,,SRC0006,https://careers.thalesgroup.com/global/en/france-careers,A2 - source primaire corporate,documente,
1,1,THALES,siege_departement,Hauts-de-Seine,2026-08-12,France / périmètre corporate indiqué,publie,,SRC0006,https://careers.thalesgroup.com/global/en/france-careers,A2 - source primaire corporate,documente,
1,1,THALES,siege_region,Île-de-France,2026-08-12,France / périmètre corporate indiqué,publie,,SRC0006,https://careers.thalesgroup.com/global/en/france-careers,A2 - source primaire corporate,documente,
1,1,THALES,siege_latitude,48.804,2026-08-12,commune du siège,geocode_centre_commune,,SRC0003,https://www.data.gouv.fr/datasets/communes-et-villes-de-france-en-csv-excel-json-parquet-et-feather,A1 - registre public officiel,documente,
1,1,THALES,siege_longitude,2.227,2026-08-12,commune du siège,geocode_centre_commune,,SRC0003,https://www.data.gouv.fr/datasets/communes-et-villes-de-france-en-csv-excel-json-parquet-et-feather,A1 - registre public officiel,documente,
1,1,THALES,effectif_label,Groupe : plus de 85 000 collaborateurs dans le monde ; défense : non communiqué séparément (activité Défense & Sécurité parmi les trois grands métiers du groupe).,2026-08-12,groupe / entité selon libellé,publie,,SRC0007,https://www.thalesgroup.com/en/investor-relations/regulated-information,A2 - source primaire corporate,documente_avec_limite_perimetre,"Une valeur est publiée, mais un sous-périmètre associé est explicitement non communiqué ; conserver cette nuance dans l’interface."
1,1,THALES,nb_etablissements_france_public,44,2026-08-12,France / périmètre corporate indiqué,publie,,SRC0006,https://careers.thalesgroup.com/global/en/france-careers,A2 - source primaire corporate,documente,
1,1,THALES,nb_etablissements_france_public_label,44 sites en France (groupe),2026-08-12,France / périmètre corporate indiqué,publie,,SRC0006,https://careers.thalesgroup.com/global/en/france-careers,A2 - source primaire corporate,documente,
1,1,THALES,nb_sites_cartographies,27,2026-08-12,référentiel dashboard,calcule_referentiel,nombre de lignes/sites du référentiel initial pour l’entreprise,SRC0004,,M - méthode interne,documente,
1,1,THALES,nb_regions_cartographiees,8,2026-08-12,référentiel dashboard,calcule_referentiel,nombre de régions distinctes parmi les sites cartographiés,SRC0004,,M - méthode interne,documente,
1,1,THALES,couverture_cartographique,27/44 (61%),2026-08-12,référentiel dashboard,calcule_referentiel,nb_sites_cartographies / nb_etablissements_france_public lorsque le dénominateur est comparable,SRC0004,,M - méthode interne,documente,
1,1,THALES,statut_couverture,couverture_strategique_partielle,2026-08-12,référentiel dashboard,calcule_referentiel,,SRC0004,,M - méthode interne,documente,
1,1,THALES,book_to_bill,1.24,2026-08-12,Défense,calcule,prises de commandes / chiffre d’affaires,SRC0007,https://www.thalesgroup.com/en/investor-relations/regulated-information,A2 - source primaire corporate,documente,
1,1,THALES,book_to_bill_perimetre,Défense,2026-08-12,Défense,metadonnee_perimetre,,SRC0007,https://www.thalesgroup.com/en/investor-relations/regulated-information,A2 - source primaire corporate,documente,
1,1,THALES,ratio_carnet_ca,3.4,2026-08-12,Défense,calcule,carnet de commandes / chiffre d’affaires annuel,SRC0007,https://www.thalesgroup.com/en/investor-relations/regulated-information,A2 - source primaire corporate,documente,
1,1,THALES,ratio_carnet_ca_perimetre,Défense,2026-08-12,Défense,metadonnee_perimetre,,SRC0007,https://www.thalesgroup.com/en/investor-relations/regulated-information,A2 - source primaire corporate,documente,
1,1,THALES,marge_pct,12.4,2026-08-12,Marge EBIT ajusté groupe,publie_ou_calcule_selon_publication,,SRC0007,https://www.thalesgroup.com/en/investor-relations/regulated-information,A2 - source primaire corporate,documente,
1,1,THALES,marge_type,Marge EBIT ajusté groupe,2026-08-12,groupe / entité selon libellé,publie,,SRC0007,https://www.thalesgroup.com/en/investor-relations/regulated-information,A2 - source primaire corporate,documente,
1,1,THALES,ca_defense_label,"Non isolé publiquement en un montant “défense France”. Le groupe affiche environ 25,3 Md€ de chiffre d’affaires global sur ses données corporate récentes ; la Défense & Sécurité constitue l’un de ses principaux segments.",2026-08-12,groupe / entité selon libellé,publie,,SRC0007,https://www.thalesgroup.com/en/investor-relations/regulated-information,A2 - source primaire corporate,approximation_documentee,"Présenter comme ordre de grandeur, jamais comme valeur exacte."
1,1,THALES,carnet_commandes_label,"Carnet groupe 53,323 Md€ fin 2025 ; carnet du segment Défense 41,6 Md€, soit environ 3,4 années de CA Défense. Prises de commandes Défense 2025 : 15,128 Md€.",2025,groupe / entité selon libellé,publie,,SRC0007,https://www.thalesgroup.com/en/investor-relations/regulated-information,A2 - source primaire corporate,approximation_documentee,"Présenter comme ordre de grandeur, jamais comme valeur exacte."
1,1,THALES,indicateurs_financiers_label,"Marge d’EBIT ajusté groupe : 12,4 % ; Book-to-bill Défense : 1,24x ; Carnet Défense / CA Défense : 3,40x ; Free operating cash-flow : 2,577 Md€ ; dette nette : 1,618 Md€",2026-08-12,groupe / entité selon libellé,publie,,SRC0007,https://www.thalesgroup.com/en/investor-relations/regulated-information,A2 - source primaire corporate,documente,
1,1,THALES,actionnariat,"Secteur public français 26,60 %, Dassault Aviation 26,59 %, salariés 2,93 %, autodétention 0,28 %, autres actionnaires 43,60 % (structure au 30 juin 2025). Un pacte d’actionnaires organise le contrôle conjoint du secteur public et de Dassault Aviation ; l’État détient en outre une action spécifique.",2025,capital / contrôle,publie / synthèse actionnariale,,SRC0005,https://www.thalesgroup.com/,A2 - source primaire corporate,documente,
1,1,THALES,programmes,"Rafale (radar RBE2 AESA, avionique et capteurs), SAMP/T NG (radar Ground Fire), SCORPION, FDI (Sea Fire), sonars CAPTAS, communications tactiques et charges utiles satellitaires militaires.",2026-08-12,groupe / entité selon libellé,synthese_documentaire,,SRC0005,https://www.thalesgroup.com/,A2 - source primaire corporate,documente,
1,1,THALES,code_ape,70.10Z – Activités des sièges sociaux pour Thales SA ; les filiales industrielles portent des codes spécialisés selon leur activité.,2026-08-12,"entité juridique de référence, pas nécessairement tout le groupe",registre_public / synthèse,,SRC0001,https://www.data.gouv.fr/datasets/base-sirene-des-entreprises-et-de-leurs-etablissements-siren-siret,A1 - registre public officiel,documente,
1,1,THALES,site_web,https://www.thalesgroup.com/,2026-08-12,groupe / entité selon libellé,metadonnee,,SRC0004,,M - méthode interne,documente,
1,1,THALES,source_principale,https://www.thalesgroup.com/,2026-08-12,groupe / entité selon libellé,metadonnee,,SRC0004,,M - méthode interne,documente,
1,1,THALES,source_implantations,https://careers.thalesgroup.com/global/en/france-careers,2026-08-12,groupe / entité selon libellé,metadonnee,,SRC0004,,M - méthode interne,documente,
1,1,THALES,source_coordonnees,https://www.data.gouv.fr/datasets/communes-et-villes-de-france-en-csv-excel-json-parquet-et-feather,2026-08-12,groupe / entité selon libellé,metadonnee,,SRC0004,,M - méthode interne,documente,
1,1,THALES,perimetre_cartographique,"Implantations françaises industrielles, R&D, MCO, essais et fonctions centrales publiquement identifiables ; ce fichier ne vise pas à reproduire chaque SIRET administratif ou micro-bureau commercial.",2026-08-12,groupe / entité selon libellé,metadonnee,,SRC0004,,M - méthode interne,documente,
1,1,THALES,date_reference,2026-08-12,2026,groupe / entité selon libellé,metadonnee,,SRC0004,,M - méthode interne,documente,
1,1,THALES,nb_sites_referentiel_initial,27,2026-08-12,référentiel dashboard,calcule_referentiel,,SRC0004,,M - méthode interne,documente,
1,1,THALES,nb_lignes_sirene_actives,43,2026-08-12,référentiel dashboard,calcule_referentiel,nombre de lignes rattachées à un établissement SIRENE actif,SRC0004,,M - méthode interne,documente,
1,1,THALES,nb_nouveaux_etablissements_sirene,24,2026-08-12,référentiel dashboard,calcule_referentiel,nombre de lignes origine_ajout = SIRENE,SRC0004,,M - méthode interne,documente,
1,1,THALES,nb_sirene_sans_signe_bitd,0,2026-08-12,référentiel dashboard,calcule_referentiel,,SRC0004,,M - méthode interne,documente,
1,1,THALES,nb_sirene_a_confirmer,1,2026-08-12,référentiel dashboard,calcule_referentiel,,SRC0004,,M - méthode interne,documente,
1,1,THALES,nb_etablissements_v2_total,51,2026-08-12,référentiel dashboard,calcule_referentiel,nombre total de lignes de l’entreprise dans etablissements.csv V2,SRC0004,,M - méthode interne,documente,
1,1,THALES,nb_etablissements_affiches_par_defaut,51,2026-08-12,référentiel dashboard,calcule_referentiel,nombre de lignes avec affichage_carte_defaut = true,SRC0004,,M - méthode interne,documente,
1,1,THALES,couverture_sirene_v2,établissements SIRENE actifs des unités légales opérationnelles identifiées et documentées dans cette V2 ; ne prétend pas couvrir toutes les filiales juridiques du groupe,2026-08-12,référentiel dashboard,calcule_referentiel,,SRC0004,,M - méthode interne,documente,
2,2,DASSAULT AVIATION,id,2,2026-08-12,groupe / entité selon libellé,synthese_documentaire,,SRC0008,https://www.dassault-aviation.com/,A2 - source primaire corporate,documente,
2,2,DASSAULT AVIATION,slug,dassault-aviation,2026-08-12,groupe / entité selon libellé,synthese_documentaire,,SRC0008,https://www.dassault-aviation.com/,A2 - source primaire corporate,documente,
2,2,DASSAULT AVIATION,entreprise,DASSAULT AVIATION,2026-08-12,groupe / entité selon libellé,synthese_documentaire,,SRC0008,https://www.dassault-aviation.com/,A2 - source primaire corporate,documente,
2,2,DASSAULT AVIATION,categorie,Grand maître d’œuvre / systémier,2026-08-12,groupe / entité selon libellé,synthese_documentaire,,SRC0008,https://www.dassault-aviation.com/,A2 - source primaire corporate,documente,
2,2,DASSAULT AVIATION,secteur_principal,Aéronautique,2026-08-12,groupe / entité selon libellé,synthese_documentaire,,SRC0008,https://www.dassault-aviation.com/,A2 - source primaire corporate,documente,
2,2,DASSAULT AVIATION,specialite,Avions de combat et systèmes aéronautiques militaires,2026-08-12,groupe / entité selon libellé,synthese_documentaire,,SRC0008,https://www.dassault-aviation.com/,A2 - source primaire corporate,documente,
2,2,DASSAULT AVIATION,secteurs,"Aéronautique de combat, avions de mission, systèmes de combat aérien, ingénierie et soutien en service.",2026-08-12,groupe / entité selon libellé,synthese_documentaire,,SRC0008,https://www.dassault-aviation.com/,A2 - source primaire corporate,documente,
2,2,DASSAULT AVIATION,description,"Dassault Aviation est le maître d’œuvre du Rafale et l’un des piliers de la souveraineté aéronautique militaire française. L’entreprise conçoit, intègre, produit et soutient des avions de combat ainsi que des avions de mission, pour l’Armée de l’air et de l’espace, la Marine nationale et des clients export. Elle détient des compétences souveraines rares en architecture d’avion de combat, intégration de systèmes d’armes, aérodynamique, commandes de vol et maîtrise d’œuvre de programmes complexes.",2026-08-12,groupe / entité selon libellé,synthese_documentaire,,SRC0008,https://www.dassault-aviation.com/,A2 - source primaire corporate,documente,
2,2,DASSAULT AVIATION,siege_ville,Saint-Cloud,2026-08-12,France / périmètre corporate indiqué,publie,,SRC0009,https://carriere.dassault-aviation.com/accueil.aspx?LCID=1036,A2 - source primaire corporate,documente,
2,2,DASSAULT AVIATION,siege_departement,Hauts-de-Seine,2026-08-12,France / périmètre corporate indiqué,publie,,SRC0009,https://carriere.dassault-aviation.com/accueil.aspx?LCID=1036,A2 - source primaire corporate,documente,
2,2,DASSAULT AVIATION,siege_region,Île-de-France,2026-08-12,France / périmètre corporate indiqué,publie,,SRC0009,https://carriere.dassault-aviation.com/accueil.aspx?LCID=1036,A2 - source primaire corporate,documente,
2,2,DASSAULT AVIATION,siege_latitude,48.843,2026-08-12,commune du siège,geocode_centre_commune,,SRC0003,https://www.data.gouv.fr/datasets/communes-et-villes-de-france-en-csv-excel-json-parquet-et-feather,A1 - registre public officiel,documente,
2,2,DASSAULT AVIATION,siege_longitude,2.209,2026-08-12,commune du siège,geocode_centre_commune,,SRC0003,https://www.data.gouv.fr/datasets/communes-et-villes-de-france-en-csv-excel-json-parquet-et-feather,A1 - registre public officiel,documente,
2,2,DASSAULT AVIATION,effectif_label,Environ 14 600 collaborateurs au niveau groupe (dernier effectif annuel public consolidé facilement comparable) ; défense : non ventilé en effectifs.,2026-08-12,groupe / entité selon libellé,publie,,SRC0010,https://www.dassault-aviation.com/fr/groupe/finance/,A2 - source primaire corporate,approximation_documentee,"Présenter comme ordre de grandeur, jamais comme valeur exacte."
2,2,DASSAULT AVIATION,nb_etablissements_france_public_label,14 établissements actifs recensés pour l’unité légale Dassault Aviation dans le répertoire public français.,2026-08-12,unité légale française,registre_public,,SRC0001,https://www.data.gouv.fr/datasets/base-sirene-des-entreprises-et-de-leurs-etablissements-siren-siret,A1 - registre public officiel,documente,
2,2,DASSAULT AVIATION,nb_sites_cartographies,9,2026-08-12,référentiel dashboard,calcule_referentiel,nombre de lignes/sites du référentiel initial pour l’entreprise,SRC0004,,M - méthode interne,documente,
2,2,DASSAULT AVIATION,nb_regions_cartographiees,5,2026-08-12,référentiel dashboard,calcule_referentiel,nombre de régions distinctes parmi les sites cartographiés,SRC0004,,M - méthode interne,documente,
2,2,DASSAULT AVIATION,couverture_cartographique,9 sites cartographiés; total public comparable n.c.,2026-08-12,référentiel dashboard,calcule_referentiel,nb_sites_cartographies / nb_etablissements_france_public lorsque le dénominateur est comparable,SRC0004,,M - méthode interne,documente,
2,2,DASSAULT AVIATION,statut_couverture,sites_publics_identifies_non_exhaustivite_juridique,2026-08-12,référentiel dashboard,calcule_referentiel,,SRC0004,,M - méthode interne,documente,
2,2,DASSAULT AVIATION,book_to_bill,1.47,2026-08-12,Groupe,calcule,prises de commandes / chiffre d’affaires,SRC0010,https://www.dassault-aviation.com/fr/groupe/finance/,A2 - source primaire corporate,documente,
2,2,DASSAULT AVIATION,book_to_bill_perimetre,Groupe,2026-08-12,Groupe,metadonnee_perimetre,,SRC0010,https://www.dassault-aviation.com/fr/groupe/finance/,A2 - source primaire corporate,documente,
2,2,DASSAULT AVIATION,ratio_carnet_ca,6.3,2026-08-12,Groupe,calcule,carnet de commandes / chiffre d’affaires annuel,SRC0010,https://www.dassault-aviation.com/fr/groupe/finance/,A2 - source primaire corporate,documente,
2,2,DASSAULT AVIATION,ratio_carnet_ca_perimetre,Groupe,2026-08-12,Groupe,metadonnee_perimetre,,SRC0010,https://www.dassault-aviation.com/fr/groupe/finance/,A2 - source primaire corporate,documente,
2,2,DASSAULT AVIATION,marge_pct,14.3,2026-08-12,Marge nette ajustée,publie_ou_calcule_selon_publication,,SRC0010,https://www.dassault-aviation.com/fr/groupe/finance/,A2 - source primaire corporate,documente,
2,2,DASSAULT AVIATION,marge_type,Marge nette ajustée,2026-08-12,groupe / entité selon libellé,publie,,SRC0010,https://www.dassault-aviation.com/fr/groupe/finance/,A2 - source primaire corporate,documente,
2,2,DASSAULT AVIATION,ca_defense_label,"4,645 Md€ en 2025, soit environ 62,6 % du chiffre d’affaires ajusté consolidé 2025 de 7,420 Md€.",2025,groupe / entité selon libellé,publie,,SRC0010,https://www.dassault-aviation.com/fr/groupe/finance/,A2 - source primaire corporate,approximation_documentee,"Présenter comme ordre de grandeur, jamais comme valeur exacte."
2,2,DASSAULT AVIATION,carnet_commandes_label,"Carnet de commandes fin 2025 : 46,6 Md€ ; prises de commandes 10,9 Md€ ; CA 7,4 Md€. Le carnet comprend notamment 220 Rafale et 73 Falcon.",2025,groupe / entité selon libellé,publie,,SRC0010,https://www.dassault-aviation.com/fr/groupe/finance/,A2 - source primaire corporate,documente,
2,2,DASSAULT AVIATION,indicateurs_financiers_label,"Carnet / CA : 6,30x ; Book-to-bill : 1,47x ; Marge nette ajustée : 14,3 % ; Trésorerie disponible : environ 9,4 Md€",2026-08-12,groupe / entité selon libellé,publie,,SRC0010,https://www.dassault-aviation.com/fr/groupe/finance/,A2 - source primaire corporate,approximation_documentee,"Présenter comme ordre de grandeur, jamais comme valeur exacte."
2,2,DASSAULT AVIATION,actionnariat,"Groupe Industriel Marcel Dassault 66,86 %, Airbus 10,65 %, flottant 21,63 %, autodétention 0,86 % au 30 juin 2026. Le contrôle familial est très majoritaire, avec présence d’Airbus au capital.",2026,capital / contrôle,publie / synthèse actionnariale,,SRC0011,https://www.dassault-aviation.com/fr/groupe/finance/actionnariat/,A2 - source primaire corporate,documente,
2,2,DASSAULT AVIATION,programmes,"Rafale F4/F5, préparation du standard post-F4 et du combat collaboratif, SCAF/NGF, démonstrateur nEUROn, AVSIMAR / Falcon 2000 Albatros.",2000,groupe / entité selon libellé,synthese_documentaire,,SRC0008,https://www.dassault-aviation.com/,A2 - source primaire corporate,documente,
2,2,DASSAULT AVIATION,code_ape,30.30Z – Construction aéronautique et spatiale.,2026-08-12,"entité juridique de référence, pas nécessairement tout le groupe",registre_public / synthèse,,SRC0001,https://www.data.gouv.fr/datasets/base-sirene-des-entreprises-et-de-leurs-etablissements-siren-siret,A1 - registre public officiel,documente,
2,2,DASSAULT AVIATION,site_web,https://www.dassault-aviation.com/,2026-08-12,groupe / entité selon libellé,metadonnee,,SRC0004,,M - méthode interne,documente,
2,2,DASSAULT AVIATION,source_principale,https://www.dassault-aviation.com/,2026-08-12,groupe / entité selon libellé,metadonnee,,SRC0004,,M - méthode interne,documente,
2,2,DASSAULT AVIATION,source_implantations,https://carriere.dassault-aviation.com/accueil.aspx?LCID=1036,2026-08-12,groupe / entité selon libellé,metadonnee,,SRC0004,,M - méthode interne,documente,
2,2,DASSAULT AVIATION,source_coordonnees,https://www.data.gouv.fr/datasets/communes-et-villes-de-france-en-csv-excel-json-parquet-et-feather,2026-08-12,groupe / entité selon libellé,metadonnee,,SRC0004,,M - méthode interne,documente,
2,2,DASSAULT AVIATION,perimetre_cartographique,"Implantations françaises industrielles, R&D, MCO, essais et fonctions centrales publiquement identifiables ; ce fichier ne vise pas à reproduire chaque SIRET administratif ou micro-bureau commercial.",2026-08-12,groupe / entité selon libellé,metadonnee,,SRC0004,,M - méthode interne,documente,
2,2,DASSAULT AVIATION,date_reference,2026-08-12,2026,groupe / entité selon libellé,metadonnee,,SRC0004,,M - méthode interne,documente,
2,2,DASSAULT AVIATION,nb_sites_referentiel_initial,9,2026-08-12,référentiel dashboard,calcule_referentiel,,SRC0004,,M - méthode interne,documente,
2,2,DASSAULT AVIATION,nb_lignes_sirene_actives,14,2026-08-12,référentiel dashboard,calcule_referentiel,nombre de lignes rattachées à un établissement SIRENE actif,SRC0004,,M - méthode interne,documente,
2,2,DASSAULT AVIATION,nb_nouveaux_etablissements_sirene,6,2026-08-12,référentiel dashboard,calcule_referentiel,nombre de lignes origine_ajout = SIRENE,SRC0004,,M - méthode interne,documente,
2,2,DASSAULT AVIATION,nb_sirene_sans_signe_bitd,0,2026-08-12,référentiel dashboard,calcule_referentiel,,SRC0004,,M - méthode interne,documente,
2,2,DASSAULT AVIATION,nb_sirene_a_confirmer,3,2026-08-12,référentiel dashboard,calcule_referentiel,,SRC0004,,M - méthode interne,documente,
2,2,DASSAULT AVIATION,nb_etablissements_v2_total,15,2026-08-12,référentiel dashboard,calcule_referentiel,nombre total de lignes de l’entreprise dans etablissements.csv V2,SRC0004,,M - méthode interne,documente,
2,2,DASSAULT AVIATION,nb_etablissements_affiches_par_defaut,15,2026-08-12,référentiel dashboard,calcule_referentiel,nombre de lignes avec affichage_carte_defaut = true,SRC0004,,M - méthode interne,documente,
2,2,DASSAULT AVIATION,couverture_sirene_v2,établissements SIRENE actifs des unités légales opérationnelles identifiées et documentées dans cette V2 ; ne prétend pas couvrir toutes les filiales juridiques du groupe,2026-08-12,référentiel dashboard,calcule_referentiel,,SRC0004,,M - méthode interne,documente,
3,3,SAFRAN,id,3,2026-08-12,groupe / entité selon libellé,synthese_documentaire,,SRC0012,https://www.safran-group.com/,A2 - source primaire corporate,documente,
3,3,SAFRAN,slug,safran,2026-08-12,groupe / entité selon libellé,synthese_documentaire,,SRC0012,https://www.safran-group.com/,A2 - source primaire corporate,documente,
3,3,SAFRAN,entreprise,SAFRAN,2026-08-12,groupe / entité selon libellé,synthese_documentaire,,SRC0012,https://www.safran-group.com/,A2 - source primaire corporate,documente,
3,3,SAFRAN,categorie,Grand maître d’œuvre / systémier,2026-08-12,groupe / entité selon libellé,synthese_documentaire,,SRC0012,https://www.safran-group.com/,A2 - source primaire corporate,documente,
3,3,SAFRAN,secteur_principal,Propulsion & équipements,2026-08-12,groupe / entité selon libellé,synthese_documentaire,,SRC0012,https://www.safran-group.com/,A2 - source primaire corporate,documente,
3,3,SAFRAN,specialite,"Propulsion militaire, optronique, navigation inertielle et équipements",2026-08-12,groupe / entité selon libellé,synthese_documentaire,,SRC0012,https://www.safran-group.com/,A2 - source primaire corporate,documente,
3,3,SAFRAN,secteurs,"Propulsion, optronique, navigation inertielle, guidage, drones, équipements de plateformes aériennes et terrestres.",2026-08-12,groupe / entité selon libellé,synthese_documentaire,,SRC0012,https://www.safran-group.com/,A2 - source primaire corporate,documente,
3,3,SAFRAN,description,"Safran fournit plusieurs briques critiques des capacités militaires françaises : moteurs, navigation inertielle, optronique, guidage, systèmes de drones et équipements aéronautiques. Il est notamment le motoriste du Rafale avec le M88 et un fournisseur majeur de capteurs et de systèmes de visée pour les forces terrestres, aériennes et navales. Son rôle souverain tient à la maîtrise de la propulsion militaire, de l’inertiel, de l’optronique et de chaînes de production à forte intensité technologique.",2026-08-12,groupe / entité selon libellé,synthese_documentaire,,SRC0012,https://www.safran-group.com/,A2 - source primaire corporate,documente,
3,3,SAFRAN,siege_ville,Paris,2026-08-12,France / périmètre corporate indiqué,publie,,SRC0013,https://www.safran-group.com/fr/implantations,A2 - source primaire corporate,documente,
3,3,SAFRAN,siege_departement,Paris,2026-08-12,France / périmètre corporate indiqué,publie,,SRC0013,https://www.safran-group.com/fr/implantations,A2 - source primaire corporate,documente,
3,3,SAFRAN,siege_region,Île-de-France,2026-08-12,France / périmètre corporate indiqué,publie,,SRC0013,https://www.safran-group.com/fr/implantations,A2 - source primaire corporate,documente,
3,3,SAFRAN,siege_latitude,48.8589,2026-08-12,commune du siège,geocode_centre_commune,,SRC0003,https://www.data.gouv.fr/datasets/communes-et-villes-de-france-en-csv-excel-json-parquet-et-feather,A1 - registre public officiel,documente,
3,3,SAFRAN,siege_longitude,2.347,2026-08-12,commune du siège,geocode_centre_commune,,SRC0003,https://www.data.gouv.fr/datasets/communes-et-villes-de-france-en-csv-excel-json-parquet-et-feather,A1 - registre public officiel,documente,
3,3,SAFRAN,effectif_label,"Plus de 110 000 collaborateurs dans le monde ; la branche Équipements & Défense compte environ 55 300 collaborateurs, mais elle inclut aussi des activités civiles.",2026-08-12,groupe / entité selon libellé,publie,,SRC0014,https://www.safran-group.com/fr/finance/finance-bref,A2 - source primaire corporate,approximation_documentee,"Présenter comme ordre de grandeur, jamais comme valeur exacte."
3,3,SAFRAN,nb_etablissements_france_public,115,2026-08-12,France / périmètre corporate indiqué,publie,,SRC0013,https://www.safran-group.com/fr/implantations,A2 - source primaire corporate,documente,
3,3,SAFRAN,nb_etablissements_france_public_label,115 établissements en France (groupe),2026-08-12,France / périmètre corporate indiqué,publie,,SRC0013,https://www.safran-group.com/fr/implantations,A2 - source primaire corporate,documente,
3,3,SAFRAN,nb_sites_cartographies,37,2026-08-12,référentiel dashboard,calcule_referentiel,nombre de lignes/sites du référentiel initial pour l’entreprise,SRC0004,,M - méthode interne,documente,
3,3,SAFRAN,nb_regions_cartographiees,9,2026-08-12,référentiel dashboard,calcule_referentiel,nombre de régions distinctes parmi les sites cartographiés,SRC0004,,M - méthode interne,documente,
3,3,SAFRAN,couverture_cartographique,37/115 (32%),2026-08-12,référentiel dashboard,calcule_referentiel,nb_sites_cartographies / nb_etablissements_france_public lorsque le dénominateur est comparable,SRC0004,,M - méthode interne,documente,
3,3,SAFRAN,statut_couverture,couverture_strategique_partielle,2026-08-12,référentiel dashboard,calcule_referentiel,,SRC0004,,M - méthode interne,documente,
3,3,SAFRAN,marge_pct,16.6,2026-08-12,Marge opérationnelle courante ajustée groupe,publie_ou_calcule_selon_publication,,SRC0014,https://www.safran-group.com/fr/finance/finance-bref,A2 - source primaire corporate,documente,
3,3,SAFRAN,marge_type,Marge opérationnelle courante ajustée groupe,2026-08-12,groupe / entité selon libellé,publie,,SRC0014,https://www.safran-group.com/fr/finance/finance-bref,A2 - source primaire corporate,documente,
3,3,SAFRAN,ca_defense_label,"Le groupe ne publie pas un chiffre d’affaires “défense” pur. La branche Équipements & Défense a réalisé 12,3 Md€ de CA en 2025, montant qui comprend également des équipements aéronautiques civils.",2025,groupe / entité selon libellé,publie,,SRC0014,https://www.safran-group.com/fr/finance/finance-bref,A2 - source primaire corporate,documente,
3,3,SAFRAN,carnet_commandes_label,"Le groupe ne publie pas un carnet consolidé homogène directement comparable pour toutes ses activités Défense. La visibilité est néanmoins élevée sur le M88, l’AASM et les équipements de navigation/optronique, avec une forte hausse des cadences annoncée.",2026-08-12,groupe / entité selon libellé,publie,,SRC0014,https://www.safran-group.com/fr/finance/finance-bref,A2 - source primaire corporate,documente,
3,3,SAFRAN,indicateurs_financiers_label,"CA ajusté 2025 : 31,329 Md€ ; Résultat opérationnel courant ajusté : 5,197 Md€ ; Marge opérationnelle courante : 16,6 % ; Free cash-flow : 3,921 Md€, soit environ 12,5 % du CA",2025,groupe / entité selon libellé,publie,,SRC0014,https://www.safran-group.com/fr/finance/finance-bref,A2 - source primaire corporate,approximation_documentee,"Présenter comme ordre de grandeur, jamais comme valeur exacte."
3,3,SAFRAN,actionnariat,"État français 11,72 %, salariés 5,55 %, autodétention 0,34 %, public 82,39 % au 31 décembre 2025. L’État dispose d’une présence structurante dans la gouvernance.",2025,capital / contrôle,publie / synthèse actionnariale,,SRC0012,https://www.safran-group.com/,A2 - source primaire corporate,documente,
3,3,SAFRAN,programmes,"Rafale / M88, AASM HAMMER, Euroflir 410, drone Patroller, viseurs et optronique de SCORPION, systèmes de navigation pour plateformes stratégiques.",2026-08-12,groupe / entité selon libellé,synthese_documentaire,,SRC0012,https://www.safran-group.com/,A2 - source primaire corporate,documente,
3,3,SAFRAN,code_ape,70.10Z – Activités des sièges sociaux pour Safran SA ; les sociétés industrielles du groupe disposent de codes APE métiers.,2026-08-12,"entité juridique de référence, pas nécessairement tout le groupe",registre_public / synthèse,,SRC0001,https://www.data.gouv.fr/datasets/base-sirene-des-entreprises-et-de-leurs-etablissements-siren-siret,A1 - registre public officiel,documente,
3,3,SAFRAN,site_web,https://www.safran-group.com/,2026-08-12,groupe / entité selon libellé,metadonnee,,SRC0004,,M - méthode interne,documente,
3,3,SAFRAN,source_principale,https://www.safran-group.com/,2026-08-12,groupe / entité selon libellé,metadonnee,,SRC0004,,M - méthode interne,documente,
3,3,SAFRAN,source_implantations,https://www.safran-group.com/fr/implantations,2026-08-12,groupe / entité selon libellé,metadonnee,,SRC0004,,M - méthode interne,documente,
3,3,SAFRAN,source_coordonnees,https://www.data.gouv.fr/datasets/communes-et-villes-de-france-en-csv-excel-json-parquet-et-feather,2026-08-12,groupe / entité selon libellé,metadonnee,,SRC0004,,M - méthode interne,documente,
3,3,SAFRAN,perimetre_cartographique,"Implantations françaises industrielles, R&D, MCO, essais et fonctions centrales publiquement identifiables ; ce fichier ne vise pas à reproduire chaque SIRET administratif ou micro-bureau commercial.",2026-08-12,groupe / entité selon libellé,metadonnee,,SRC0004,,M - méthode interne,documente,
3,3,SAFRAN,date_reference,2026-08-12,2026,groupe / entité selon libellé,metadonnee,,SRC0004,,M - méthode interne,documente,
3,3,SAFRAN,nb_sites_referentiel_initial,37,2026-08-12,référentiel dashboard,calcule_referentiel,,SRC0004,,M - méthode interne,documente,
3,3,SAFRAN,nb_lignes_sirene_actives,44,2026-08-12,référentiel dashboard,calcule_referentiel,nombre de lignes rattachées à un établissement SIRENE actif,SRC0004,,M - méthode interne,documente,
3,3,SAFRAN,nb_nouveaux_etablissements_sirene,25,2026-08-12,référentiel dashboard,calcule_referentiel,nombre de lignes origine_ajout = SIRENE,SRC0004,,M - méthode interne,documente,
3,3,SAFRAN,nb_sirene_sans_signe_bitd,0,2026-08-12,référentiel dashboard,calcule_referentiel,,SRC0004,,M - méthode interne,documente,
3,3,SAFRAN,nb_sirene_a_confirmer,6,2026-08-12,référentiel dashboard,calcule_referentiel,,SRC0004,,M - méthode interne,documente,
3,3,SAFRAN,nb_etablissements_v2_total,62,2026-08-12,référentiel dashboard,calcule_referentiel,nombre total de lignes de l’entreprise dans etablissements.csv V2,SRC0004,,M - méthode interne,documente,
3,3,SAFRAN,nb_etablissements_affiches_par_defaut,62,2026-08-12,référentiel dashboard,calcule_referentiel,nombre de lignes avec affichage_carte_defaut = true,SRC0004,,M - méthode interne,documente,
3,3,SAFRAN,couverture_sirene_v2,établissements SIRENE actifs des unités légales opérationnelles identifiées et documentées dans cette V2 ; ne prétend pas couvrir toutes les filiales juridiques du groupe,2026-08-12,référentiel dashboard,calcule_referentiel,,SRC0004,,M - méthode interne,documente,
4,4,NAVAL GROUP,id,4,2026-08-12,groupe / entité selon libellé,synthese_documentaire,,SRC0015,https://www.naval-group.com/,A2 - source primaire corporate,documente,
4,4,NAVAL GROUP,slug,naval-group,2026-08-12,groupe / entité selon libellé,synthese_documentaire,,SRC0015,https://www.naval-group.com/,A2 - source primaire corporate,documente,
4,4,NAVAL GROUP,entreprise,NAVAL GROUP,2026-08-12,groupe / entité selon libellé,synthese_documentaire,,SRC0015,https://www.naval-group.com/,A2 - source primaire corporate,documente,
4,4,NAVAL GROUP,categorie,Grand maître d’œuvre / systémier,2026-08-12,groupe / entité selon libellé,synthese_documentaire,,SRC0015,https://www.naval-group.com/,A2 - source primaire corporate,documente,
4,4,NAVAL GROUP,secteur_principal,Naval,2026-08-12,groupe / entité selon libellé,synthese_documentaire,,SRC0015,https://www.naval-group.com/,A2 - source primaire corporate,documente,
4,4,NAVAL GROUP,specialite,"Sous-marins, bâtiments de combat et systèmes navals",2026-08-12,groupe / entité selon libellé,synthese_documentaire,,SRC0015,https://www.naval-group.com/,A2 - source primaire corporate,documente,
4,4,NAVAL GROUP,secteurs,"Naval, sous-marins, systèmes de combat, propulsion et intégration, MCO, infrastructures et services navals.",2026-08-12,groupe / entité selon libellé,synthese_documentaire,,SRC0015,https://www.naval-group.com/,A2 - source primaire corporate,documente,
4,4,NAVAL GROUP,description,"Naval Group est le maître d’œuvre naval militaire français pour les sous-marins, les bâtiments de surface et une grande partie des systèmes de combat associés. Il travaille principalement pour la DGA et la Marine nationale, tout en exportant frégates, sous-marins et services. Son rôle souverain est central pour la dissuasion océanique, la construction des sous-marins nucléaires et la capacité française à concevoir et entretenir une marine de premier rang.",2026-08-12,groupe / entité selon libellé,synthese_documentaire,,SRC0015,https://www.naval-group.com/,A2 - source primaire corporate,documente,
4,4,NAVAL GROUP,siege_ville,Paris,2026-08-12,France / périmètre corporate indiqué,publie,,SRC0016,https://www.naval-group.com/fr/implantations,A2 - source primaire corporate,documente,
4,4,NAVAL GROUP,siege_departement,Paris,2026-08-12,France / périmètre corporate indiqué,publie,,SRC0016,https://www.naval-group.com/fr/implantations,A2 - source primaire corporate,documente,
4,4,NAVAL GROUP,siege_region,Île-de-France,2026-08-12,France / périmètre corporate indiqué,publie,,SRC0016,https://www.naval-group.com/fr/implantations,A2 - source primaire corporate,documente,
4,4,NAVAL GROUP,siege_latitude,48.8589,2026-08-12,commune du siège,geocode_centre_commune,,SRC0003,https://www.data.gouv.fr/datasets/communes-et-villes-de-france-en-csv-excel-json-parquet-et-feather,A1 - registre public officiel,documente,
4,4,NAVAL GROUP,siege_longitude,2.347,2026-08-12,commune du siège,geocode_centre_commune,,SRC0003,https://www.data.gouv.fr/datasets/communes-et-villes-de-france-en-csv-excel-json-parquet-et-feather,A1 - registre public officiel,documente,
4,4,NAVAL GROUP,effectif_label,Environ 17 000 collaborateurs ; l’activité est très majoritairement défense.,2026-08-12,groupe / entité selon libellé,publie,,SRC0019,https://www.naval-group.com/fr/naval-group,A2 - source primaire corporate,approximation_documentee,"Présenter comme ordre de grandeur, jamais comme valeur exacte."
4,4,NAVAL GROUP,nb_etablissements_france_public_label,10 sites principaux en France.,2026-08-12,France / périmètre corporate indiqué,publie,,SRC0016,https://www.naval-group.com/fr/implantations,A2 - source primaire corporate,à corriger,"Le CSV indique 10 sites principaux en France ; la page corporate actuelle affiche 9 sites en France. Mettre à jour le chiffre public à 9, tout en conservant séparément le nombre de lignes cartographiées/SIRENE."
4,4,NAVAL GROUP,nb_sites_cartographies,12,2026-08-12,référentiel dashboard,calcule_referentiel,nombre de lignes/sites du référentiel initial pour l’entreprise,SRC0004,,M - méthode interne,documente,
4,4,NAVAL GROUP,nb_regions_cartographiees,6,2026-08-12,référentiel dashboard,calcule_referentiel,nombre de régions distinctes parmi les sites cartographiés,SRC0004,,M - méthode interne,documente,
4,4,NAVAL GROUP,couverture_cartographique,12 sites cartographiés; total public comparable n.c.,2026-08-12,référentiel dashboard,calcule_referentiel,nb_sites_cartographies / nb_etablissements_france_public lorsque le dénominateur est comparable,SRC0004,,M - méthode interne,documente,
4,4,NAVAL GROUP,statut_couverture,sites_publics_identifies_non_exhaustivite_juridique,2026-08-12,référentiel dashboard,calcule_referentiel,,SRC0004,,M - méthode interne,documente,
4,4,NAVAL GROUP,ratio_carnet_ca,6.84,2026-08-12,Groupe,calcule,carnet de commandes / chiffre d’affaires annuel,SRC0019,https://www.naval-group.com/fr/naval-group,A2 - source primaire corporate,documente,
4,4,NAVAL GROUP,ratio_carnet_ca_perimetre,Groupe,2026-08-12,Groupe,metadonnee_perimetre,,SRC0019,https://www.naval-group.com/fr/naval-group,A2 - source primaire corporate,documente,
4,4,NAVAL GROUP,ca_defense_label,"Environ 4,35 Md€ de chiffre d’affaires récent, activité quasi intégralement navale de défense.",2026-08-12,groupe / entité selon libellé,publie,,SRC0019,https://www.naval-group.com/fr/naval-group,A2 - source primaire corporate,à actualiser,"Le texte contient encore environ 4,35 Md€ alors que le chiffre d’affaires 2025 publié est 4,679 Md€. Remplacer le montant générique par 4,679 Md€ (2025) si l’indicateur affiché vise le dernier CA annuel."
4,4,NAVAL GROUP,carnet_commandes_label,"CA 2025 : 4,679 Md€ ; carnet de commandes : environ 32 Md€ ; prises de commandes 2025 : 18,926 Md€.",2025,groupe / entité selon libellé,publie,,SRC0019,https://www.naval-group.com/fr/naval-group,A2 - source primaire corporate,approximation_documentee,"Présenter comme ordre de grandeur, jamais comme valeur exacte."
4,4,NAVAL GROUP,indicateurs_financiers_label,"Carnet / CA : 6,84x ; Prises de commandes / CA 2025 : 4,05x (année marquée par de très gros contrats pluriannuels) ; Ratios de dette/marge détaillés : non publiés de façon homogène dans le communiqué synthétique",2025,groupe / entité selon libellé,publie,,SRC0019,https://www.naval-group.com/fr/naval-group,A2 - source primaire corporate,documente,
4,4,NAVAL GROUP,actionnariat,"État français 62,25 %, Thales 35 %, FCPE salariés 1,64 %, autodétention 1,09 %, salariés en direct 0,02 % (dernière ventilation publique détaillée). Contrôle public majoritaire.",2026-08-12,capital / contrôle,publie / synthèse actionnariale,,SRC0018,https://www.economie.gouv.fr/agence-participations-etat/comprendre-lape/les-entreprises-de-lape,A1 - source publique institutionnelle,documente,
4,4,NAVAL GROUP,programmes,"Sous-marins Barracuda / classe Suffren, SNLE 3G, frégates FDI, porte-avions de nouvelle génération (PA-NG), FLOTLOG/BRF, MCO des forces sous-marines et de surface.",2026-08-12,groupe / entité selon libellé,synthese_documentaire,,SRC0015,https://www.naval-group.com/,A2 - source primaire corporate,documente,
4,4,NAVAL GROUP,code_ape,30.11Z – Construction de navires et de structures flottantes.,2026-08-12,"entité juridique de référence, pas nécessairement tout le groupe",registre_public / synthèse,,SRC0001,https://www.data.gouv.fr/datasets/base-sirene-des-entreprises-et-de-leurs-etablissements-siren-siret,A1 - registre public officiel,documente,
4,4,NAVAL GROUP,site_web,https://www.naval-group.com/,2026-08-12,groupe / entité selon libellé,metadonnee,,SRC0004,,M - méthode interne,documente,
4,4,NAVAL GROUP,source_principale,https://www.naval-group.com/,2026-08-12,groupe / entité selon libellé,metadonnee,,SRC0004,,M - méthode interne,documente,
4,4,NAVAL GROUP,source_implantations,https://www.naval-group.com/fr/implantations,2026-08-12,groupe / entité selon libellé,metadonnee,,SRC0004,,M - méthode interne,documente,
4,4,NAVAL GROUP,source_coordonnees,https://www.data.gouv.fr/datasets/communes-et-villes-de-france-en-csv-excel-json-parquet-et-feather,2026-08-12,groupe / entité selon libellé,metadonnee,,SRC0004,,M - méthode interne,documente,
4,4,NAVAL GROUP,perimetre_cartographique,"Implantations françaises industrielles, R&D, MCO, essais et fonctions centrales publiquement identifiables ; ce fichier ne vise pas à reproduire chaque SIRET administratif ou micro-bureau commercial.",2026-08-12,groupe / entité selon libellé,metadonnee,,SRC0004,,M - méthode interne,documente,
4,4,NAVAL GROUP,date_reference,2026-08-12,2026,groupe / entité selon libellé,metadonnee,,SRC0004,,M - méthode interne,documente,
4,4,NAVAL GROUP,nb_sites_referentiel_initial,12,2026-08-12,référentiel dashboard,calcule_referentiel,,SRC0004,,M - méthode interne,documente,
4,4,NAVAL GROUP,nb_lignes_sirene_actives,13,2026-08-12,référentiel dashboard,calcule_referentiel,nombre de lignes rattachées à un établissement SIRENE actif,SRC0004,,M - méthode interne,documente,
4,4,NAVAL GROUP,nb_nouveaux_etablissements_sirene,3,2026-08-12,référentiel dashboard,calcule_referentiel,nombre de lignes origine_ajout = SIRENE,SRC0004,,M - méthode interne,documente,
4,4,NAVAL GROUP,nb_sirene_sans_signe_bitd,0,2026-08-12,référentiel dashboard,calcule_referentiel,,SRC0004,,M - méthode interne,documente,
4,4,NAVAL GROUP,nb_sirene_a_confirmer,0,2026-08-12,référentiel dashboard,calcule_referentiel,,SRC0004,,M - méthode interne,documente,
4,4,NAVAL GROUP,nb_etablissements_v2_total,15,2026-08-12,référentiel dashboard,calcule_referentiel,nombre total de lignes de l’entreprise dans etablissements.csv V2,SRC0004,,M - méthode interne,documente,
4,4,NAVAL GROUP,nb_etablissements_affiches_par_defaut,14,2026-08-12,référentiel dashboard,calcule_referentiel,nombre de lignes avec affichage_carte_defaut = true,SRC0004,,M - méthode interne,documente,
4,4,NAVAL GROUP,couverture_sirene_v2,établissements SIRENE actifs des unités légales opérationnelles identifiées et documentées dans cette V2 ; ne prétend pas couvrir toutes les filiales juridiques du groupe,2026-08-12,référentiel dashboard,calcule_referentiel,,SRC0004,,M - méthode interne,documente,
5,5,AIRBUS,id,5,2026-08-12,groupe / entité selon libellé,synthese_documentaire,,SRC0020,https://www.airbus.com/,A2 - source primaire corporate,documente,
5,5,AIRBUS,slug,airbus,2026-08-12,groupe / entité selon libellé,synthese_documentaire,,SRC0020,https://www.airbus.com/,A2 - source primaire corporate,documente,
5,5,AIRBUS,entreprise,AIRBUS,2026-08-12,groupe / entité selon libellé,synthese_documentaire,,SRC0020,https://www.airbus.com/,A2 - source primaire corporate,documente,
5,5,AIRBUS,categorie,Grand maître d’œuvre / systémier,2026-08-12,groupe / entité selon libellé,synthese_documentaire,,SRC0020,https://www.airbus.com/,A2 - source primaire corporate,documente,
5,5,AIRBUS,secteur_principal,Aéronautique & spatial,2026-08-12,groupe / entité selon libellé,synthese_documentaire,,SRC0020,https://www.airbus.com/,A2 - source primaire corporate,documente,
5,5,AIRBUS,specialite,"Aviation militaire, hélicoptères, spatial et systèmes ISR",2026-08-12,groupe / entité selon libellé,synthese_documentaire,,SRC0020,https://www.airbus.com/,A2 - source primaire corporate,documente,
5,5,AIRBUS,secteurs,"Aéronautique militaire, hélicoptères, spatial, ISR, communications, drones et systèmes de mission.",2026-08-12,groupe / entité selon libellé,synthese_documentaire,,SRC0020,https://www.airbus.com/,A2 - source primaire corporate,documente,
5,5,AIRBUS,description,"Airbus est un acteur majeur de la BITD française via Airbus Defence and Space et Airbus Helicopters. Il fournit des avions de transport et de ravitaillement, des hélicoptères militaires, des satellites d’observation et de télécommunications ainsi que des systèmes ISR et de connectivité. La France s’appuie sur ses capacités industrielles pour la projection stratégique, le ravitaillement en vol, l’aéromobilité et une partie de ses moyens spatiaux souverains.",2026-08-12,groupe / entité selon libellé,synthese_documentaire,,SRC0020,https://www.airbus.com/,A2 - source primaire corporate,documente,
5,5,AIRBUS,siege_ville,Blagnac,2026-08-12,France / périmètre corporate indiqué,publie,,SRC0021,https://www.airbus.com/en/our-worldwide-presence/airbus-in-europe/airbus-in-france,A2 - source primaire corporate,documente,
5,5,AIRBUS,siege_departement,Haute-Garonne,2026-08-12,France / périmètre corporate indiqué,publie,,SRC0021,https://www.airbus.com/en/our-worldwide-presence/airbus-in-europe/airbus-in-france,A2 - source primaire corporate,documente,
5,5,AIRBUS,siege_region,Occitanie,2026-08-12,France / périmètre corporate indiqué,publie,,SRC0021,https://www.airbus.com/en/our-worldwide-presence/airbus-in-europe/airbus-in-france,A2 - source primaire corporate,documente,
5,5,AIRBUS,siege_latitude,43.642,2026-08-12,commune du siège,geocode_centre_commune,,SRC0003,https://www.data.gouv.fr/datasets/communes-et-villes-de-france-en-csv-excel-json-parquet-et-feather,A1 - registre public officiel,documente,
5,5,AIRBUS,siege_longitude,1.379,2026-08-12,commune du siège,geocode_centre_commune,,SRC0003,https://www.data.gouv.fr/datasets/communes-et-villes-de-france-en-csv-excel-json-parquet-et-feather,A1 - registre public officiel,documente,
5,5,AIRBUS,effectif_label,165 294 collaborateurs au niveau groupe fin 2025 ; effectif défense non communiqué séparément.,2025,groupe / entité selon libellé,publie,,SRC0023,https://www.airbus.com/en/newsroom/press-releases/2026-02-airbus-reports-full-year-fy-2025-results,A2 - source primaire corporate,documente_avec_limite_perimetre,"Une valeur est publiée, mais un sous-périmètre associé est explicitement non communiqué ; conserver cette nuance dans l’interface."
5,5,AIRBUS,nb_etablissements_france_public,46,2026-08-12,France / périmètre corporate indiqué,publie,,SRC0021,https://www.airbus.com/en/our-worldwide-presence/airbus-in-europe/airbus-in-france,A2 - source primaire corporate,documente,
5,5,AIRBUS,nb_etablissements_france_public_label,46 implantations en France (groupe),2026-08-12,France / périmètre corporate indiqué,publie,,SRC0021,https://www.airbus.com/en/our-worldwide-presence/airbus-in-europe/airbus-in-france,A2 - source primaire corporate,documente,
5,5,AIRBUS,nb_sites_cartographies,13,2026-08-12,référentiel dashboard,calcule_referentiel,nombre de lignes/sites du référentiel initial pour l’entreprise,SRC0004,,M - méthode interne,documente,
5,5,AIRBUS,nb_regions_cartographiees,6,2026-08-12,référentiel dashboard,calcule_referentiel,nombre de régions distinctes parmi les sites cartographiés,SRC0004,,M - méthode interne,documente,
5,5,AIRBUS,couverture_cartographique,13/46 (28%),2026-08-12,référentiel dashboard,calcule_referentiel,nb_sites_cartographies / nb_etablissements_france_public lorsque le dénominateur est comparable,SRC0004,,M - méthode interne,documente,
5,5,AIRBUS,statut_couverture,couverture_strategique_partielle,2026-08-12,référentiel dashboard,calcule_referentiel,,SRC0004,,M - méthode interne,documente,
5,5,AIRBUS,book_to_bill,1.32,2026-08-12,Airbus Defence and Space,calcule,prises de commandes / chiffre d’affaires,SRC0023,https://www.airbus.com/en/newsroom/press-releases/2026-02-airbus-reports-full-year-fy-2025-results,A2 - source primaire corporate,documente,
5,5,AIRBUS,book_to_bill_perimetre,Airbus Defence and Space,2026-08-12,Airbus Defence and Space,metadonnee_perimetre,,SRC0023,https://www.airbus.com/en/newsroom/press-releases/2026-02-airbus-reports-full-year-fy-2025-results,A2 - source primaire corporate,documente,
5,5,AIRBUS,ratio_carnet_ca,3.79,2026-08-12,Airbus Defence and Space,calcule,carnet de commandes / chiffre d’affaires annuel,SRC0023,https://www.airbus.com/en/newsroom/press-releases/2026-02-airbus-reports-full-year-fy-2025-results,A2 - source primaire corporate,documente,
5,5,AIRBUS,ratio_carnet_ca_perimetre,Airbus Defence and Space,2026-08-12,Airbus Defence and Space,metadonnee_perimetre,,SRC0023,https://www.airbus.com/en/newsroom/press-releases/2026-02-airbus-reports-full-year-fy-2025-results,A2 - source primaire corporate,documente,
5,5,AIRBUS,marge_pct,6.0,2026-08-12,Marge EBIT ajusté Airbus Defence and Space,publie_ou_calcule_selon_publication,,SRC0023,https://www.airbus.com/en/newsroom/press-releases/2026-02-airbus-reports-full-year-fy-2025-results,A2 - source primaire corporate,documente,
5,5,AIRBUS,marge_type,Marge EBIT ajusté Airbus Defence and Space,2026-08-12,groupe / entité selon libellé,publie,,SRC0023,https://www.airbus.com/en/newsroom/press-releases/2026-02-airbus-reports-full-year-fy-2025-results,A2 - source primaire corporate,documente,
5,5,AIRBUS,ca_defense_label,"13,405 Md€ en 2025 pour Airbus Defence and Space. Ce montant inclut le spatial civil et ne comprend pas isolément les ventes militaires d’Airbus Helicopters ; il constitue donc un proxy documenté, non un CA défense pur.",2025,groupe / entité selon libellé,publie,,SRC0023,https://www.airbus.com/en/newsroom/press-releases/2026-02-airbus-reports-full-year-fy-2025-results,A2 - source primaire corporate,à corriger,"Le CSV utilise 13,405 Md€ (CA Airbus Defence and Space) comme proxy défense. Airbus publie aussi un chiffre consolidé « thereof defence » de 14,244 Md€ pour 2025. Afficher 14,244 Md€ comme CA consolidé déclaré « defence » et conserver 13,405 Md€ séparément comme CA du segment Airbus Defence and Space."
5,5,AIRBUS,carnet_commandes_label,"Airbus Defence and Space : CA 2025 13,405 Md€, prises de commandes 17,729 Md€, carnet 50,771 Md€. Le groupe publie par ailleurs un carnet 'Defence' d’environ 61,395 Md€ selon son périmètre de reporting.",2025,groupe / entité selon libellé,publie,,SRC0023,https://www.airbus.com/en/newsroom/press-releases/2026-02-airbus-reports-full-year-fy-2025-results,A2 - source primaire corporate,approximation_documentee,"Présenter comme ordre de grandeur, jamais comme valeur exacte."
5,5,AIRBUS,indicateurs_financiers_label,"Marge EBIT ajusté Airbus Defence and Space : ~6,0 % ; Book-to-bill ADS : 1,32x ; Carnet ADS / CA ADS : 3,79x ; Trésorerie nette groupe fin 2025 : 12,171 Md€",2025,groupe / entité selon libellé,publie,,SRC0023,https://www.airbus.com/en/newsroom/press-releases/2026-02-airbus-reports-full-year-fy-2025-results,A2 - source primaire corporate,approximation_documentee,"Présenter comme ordre de grandeur, jamais comme valeur exacte."
5,5,AIRBUS,actionnariat,"Société cotée à actionnariat largement diffus, avec participations publiques stratégiques française, allemande et espagnole. La France agit notamment via SOGEPA ; les droits spécifiques et accords intergouvernementaux protègent les intérêts souverains.",2026-08-12,capital / contrôle,publie / synthèse actionnariale,,SRC0018,https://www.economie.gouv.fr/agence-participations-etat/comprendre-lape/les-entreprises-de-lape,A1 - source publique institutionnelle,documente,
5,5,AIRBUS,programmes,"A400M Atlas, A330 MRTT Phénix, H160M Guépard, NH90, Tigre, Eurodrone, satellites militaires d’observation et de télécommunications.",2026-08-12,groupe / entité selon libellé,synthese_documentaire,,SRC0020,https://www.airbus.com/,A2 - source primaire corporate,documente,
5,5,AIRBUS,code_ape,"30.30Z – Construction aéronautique et spatiale pour Airbus Defence and Space SAS, entité opérationnelle de référence.",2026-08-12,"entité juridique de référence, pas nécessairement tout le groupe",registre_public / synthèse,,SRC0001,https://www.data.gouv.fr/datasets/base-sirene-des-entreprises-et-de-leurs-etablissements-siren-siret,A1 - registre public officiel,documente,
5,5,AIRBUS,site_web,https://www.airbus.com/,2026-08-12,groupe / entité selon libellé,metadonnee,,SRC0004,,M - méthode interne,documente,
5,5,AIRBUS,source_principale,https://www.airbus.com/,2026-08-12,groupe / entité selon libellé,metadonnee,,SRC0004,,M - méthode interne,documente,
5,5,AIRBUS,source_implantations,https://www.airbus.com/en/our-worldwide-presence/airbus-in-europe/airbus-in-france,2026-08-12,groupe / entité selon libellé,metadonnee,,SRC0004,,M - méthode interne,documente,
5,5,AIRBUS,source_coordonnees,https://www.data.gouv.fr/datasets/communes-et-villes-de-france-en-csv-excel-json-parquet-et-feather,2026-08-12,groupe / entité selon libellé,metadonnee,,SRC0004,,M - méthode interne,documente,
5,5,AIRBUS,perimetre_cartographique,"Implantations françaises industrielles, R&D, MCO, essais et fonctions centrales publiquement identifiables ; ce fichier ne vise pas à reproduire chaque SIRET administratif ou micro-bureau commercial.",2026-08-12,groupe / entité selon libellé,metadonnee,,SRC0004,,M - méthode interne,documente,
5,5,AIRBUS,date_reference,2026-08-12,2026,groupe / entité selon libellé,metadonnee,,SRC0004,,M - méthode interne,documente,
5,5,AIRBUS,nb_sites_referentiel_initial,13,2026-08-12,référentiel dashboard,calcule_referentiel,,SRC0004,,M - méthode interne,documente,
5,5,AIRBUS,nb_lignes_sirene_actives,30,2026-08-12,référentiel dashboard,calcule_referentiel,nombre de lignes rattachées à un établissement SIRENE actif,SRC0004,,M - méthode interne,documente,
5,5,AIRBUS,nb_nouveaux_etablissements_sirene,18,2026-08-12,référentiel dashboard,calcule_referentiel,nombre de lignes origine_ajout = SIRENE,SRC0004,,M - méthode interne,documente,
5,5,AIRBUS,nb_sirene_sans_signe_bitd,0,2026-08-12,référentiel dashboard,calcule_referentiel,,SRC0004,,M - méthode interne,documente,
5,5,AIRBUS,nb_sirene_a_confirmer,9,2026-08-12,référentiel dashboard,calcule_referentiel,,SRC0004,,M - méthode interne,documente,
5,5,AIRBUS,nb_etablissements_v2_total,31,2026-08-12,référentiel dashboard,calcule_referentiel,nombre total de lignes de l’entreprise dans etablissements.csv V2,SRC0004,,M - méthode interne,documente,
5,5,AIRBUS,nb_etablissements_affiches_par_defaut,31,2026-08-12,référentiel dashboard,calcule_referentiel,nombre de lignes avec affichage_carte_defaut = true,SRC0004,,M - méthode interne,documente,
5,5,AIRBUS,couverture_sirene_v2,établissements SIRENE actifs des unités légales opérationnelles identifiées et documentées dans cette V2 ; ne prétend pas couvrir toutes les filiales juridiques du groupe,2026-08-12,référentiel dashboard,calcule_referentiel,,SRC0004,,M - méthode interne,documente,
6,6,MBDA,id,6,2026-08-12,groupe / entité selon libellé,synthese_documentaire,,SRC0024,https://www.mbda-systems.com/,A2 - source primaire corporate,documente,
6,6,MBDA,slug,mbda,2026-08-12,groupe / entité selon libellé,synthese_documentaire,,SRC0024,https://www.mbda-systems.com/,A2 - source primaire corporate,documente,
6,6,MBDA,entreprise,MBDA,2026-08-12,groupe / entité selon libellé,synthese_documentaire,,SRC0024,https://www.mbda-systems.com/,A2 - source primaire corporate,documente,
6,6,MBDA,categorie,Grand maître d’œuvre / systémier,2026-08-12,groupe / entité selon libellé,synthese_documentaire,,SRC0024,https://www.mbda-systems.com/,A2 - source primaire corporate,documente,
6,6,MBDA,secteur_principal,Missiles,2026-08-12,groupe / entité selon libellé,synthese_documentaire,,SRC0024,https://www.mbda-systems.com/,A2 - source primaire corporate,documente,
6,6,MBDA,specialite,"Missiles, effecteurs et défense aérienne",2026-08-12,groupe / entité selon libellé,synthese_documentaire,,SRC0024,https://www.mbda-systems.com/,A2 - source primaire corporate,documente,
6,6,MBDA,secteurs,"Missiles, défense aérienne, frappe dans la profondeur, antinavire, antichar, effecteurs air-air et systèmes de combat collaboratif.",2026-08-12,groupe / entité selon libellé,synthese_documentaire,,SRC0024,https://www.mbda-systems.com/,A2 - source primaire corporate,documente,
6,6,MBDA,description,"MBDA est le champion européen des missiles et l’un des acteurs les plus critiques de la souveraineté française en matière d’effecteurs. Le groupe conçoit et produit des missiles air-air, air-sol, antinavires, antichars, de croisière et de défense aérienne pour les armées françaises et de nombreux clients alliés. Sa position dans les chaînes de guidage, de propulsion, d’autodirecteurs et d’intégration de missiles en fait un fournisseur stratégique de la haute intensité.",2026-08-12,groupe / entité selon libellé,synthese_documentaire,,SRC0024,https://www.mbda-systems.com/,A2 - source primaire corporate,documente,
6,6,MBDA,siege_ville,Le Plessis-Robinson,2026-08-12,France / périmètre corporate indiqué,publie,,SRC0025,https://www.mbda-systems.com/country-fr,A2 - source primaire corporate,documente,
6,6,MBDA,siege_departement,Hauts-de-Seine,2026-08-12,France / périmètre corporate indiqué,publie,,SRC0025,https://www.mbda-systems.com/country-fr,A2 - source primaire corporate,documente,
6,6,MBDA,siege_region,Île-de-France,2026-08-12,France / périmètre corporate indiqué,publie,,SRC0025,https://www.mbda-systems.com/country-fr,A2 - source primaire corporate,documente,
6,6,MBDA,siege_latitude,48.78,2026-08-12,commune du siège,geocode_centre_commune,,SRC0003,https://www.data.gouv.fr/datasets/communes-et-villes-de-france-en-csv-excel-json-parquet-et-feather,A1 - registre public officiel,documente,
6,6,MBDA,siege_longitude,2.261,2026-08-12,commune du siège,geocode_centre_commune,,SRC0003,https://www.data.gouv.fr/datasets/communes-et-villes-de-france-en-csv-excel-json-parquet-et-feather,A1 - registre public officiel,documente,
6,6,MBDA,effectif_label,Environ 22 000 collaborateurs dans le monde en 2026 ; l’activité est 100 % défense. L’effectif France n’est pas publié sous un chiffre unique dans toutes les communications récentes.,2026,groupe / entité selon libellé,publie,,SRC0027,https://www.mbda-systems.com/mbda-stepping-new-strategic-dimension,A2 - source primaire corporate,approximation_documentee,"Présenter comme ordre de grandeur, jamais comme valeur exacte."
6,6,MBDA,nb_etablissements_france_public,4,2026-08-12,France / périmètre corporate indiqué,publie,,SRC0025,https://www.mbda-systems.com/country-fr,A2 - source primaire corporate,documente,
6,6,MBDA,nb_etablissements_france_public_label,4 implantations MBDA en France,2026-08-12,France / périmètre corporate indiqué,publie,,SRC0025,https://www.mbda-systems.com/country-fr,A2 - source primaire corporate,documente,
6,6,MBDA,nb_sites_cartographies,4,2026-08-12,référentiel dashboard,calcule_referentiel,nombre de lignes/sites du référentiel initial pour l’entreprise,SRC0004,,M - méthode interne,documente,
6,6,MBDA,nb_regions_cartographiees,2,2026-08-12,référentiel dashboard,calcule_referentiel,nombre de régions distinctes parmi les sites cartographiés,SRC0004,,M - méthode interne,documente,
6,6,MBDA,couverture_cartographique,4/4 (100%),2026-08-12,référentiel dashboard,calcule_referentiel,nb_sites_cartographies / nb_etablissements_france_public lorsque le dénominateur est comparable,SRC0004,,M - méthode interne,documente,
6,6,MBDA,statut_couverture,couverture_complete,2026-08-12,référentiel dashboard,calcule_referentiel,,SRC0004,,M - méthode interne,documente,
6,6,MBDA,book_to_bill,2.28,2026-08-12,MBDA,calcule,prises de commandes / chiffre d’affaires,SRC0027,https://www.mbda-systems.com/mbda-stepping-new-strategic-dimension,A2 - source primaire corporate,documente,
6,6,MBDA,book_to_bill_perimetre,MBDA,2026-08-12,MBDA,metadonnee_perimetre,,SRC0027,https://www.mbda-systems.com/mbda-stepping-new-strategic-dimension,A2 - source primaire corporate,documente,
6,6,MBDA,ratio_carnet_ca,7.66,2026-08-12,MBDA,calcule,carnet de commandes / chiffre d’affaires annuel,SRC0027,https://www.mbda-systems.com/mbda-stepping-new-strategic-dimension,A2 - source primaire corporate,documente,
6,6,MBDA,ratio_carnet_ca_perimetre,MBDA,2026-08-12,MBDA,metadonnee_perimetre,,SRC0027,https://www.mbda-systems.com/mbda-stepping-new-strategic-dimension,A2 - source primaire corporate,documente,
6,6,MBDA,ca_defense_label,"5,8 Md€ de chiffre d’affaires en 2025, intégralement lié à la défense.",2025,groupe / entité selon libellé,publie,,SRC0027,https://www.mbda-systems.com/mbda-stepping-new-strategic-dimension,A2 - source primaire corporate,documente,
6,6,MBDA,carnet_commandes_label,"CA 2025 5,8 Md€ ; prises de commandes 13,2 Md€ ; carnet 44,4 Md€.",2025,groupe / entité selon libellé,publie,,SRC0027,https://www.mbda-systems.com/mbda-stepping-new-strategic-dimension,A2 - source primaire corporate,documente,
6,6,MBDA,indicateurs_financiers_label,"Carnet / CA : 7,66x ; Book-to-bill : 2,28x ; Marge et dette : non communiquées publiquement au niveau MBDA",2026-08-12,groupe / entité selon libellé,publie,,SRC0027,https://www.mbda-systems.com/mbda-stepping-new-strategic-dimension,A2 - source primaire corporate,documente_avec_limite_perimetre,"Une valeur est publiée, mais un sous-périmètre associé est explicitement non communiqué ; conserver cette nuance dans l’interface."
6,6,MBDA,actionnariat,"Airbus 37,5 %, BAE Systems 37,5 %, Leonardo 25 %. Gouvernance multinationale structurée autour des bases industrielles française, britannique, italienne, allemande et espagnole.",2026-08-12,capital / contrôle,publie / synthèse actionnariale,,SRC0024,https://www.mbda-systems.com/,A2 - source primaire corporate,documente,
6,6,MBDA,programmes,"MICA NG, Aster 30 B1NT / SAMP/T NG, SCALP, Exocet, Meteor, Akeron MP, préparation FMAN/FMC.",2026-08-12,groupe / entité selon libellé,synthese_documentaire,,SRC0024,https://www.mbda-systems.com/,A2 - source primaire corporate,documente,
6,6,MBDA,code_ape,25.40Z – Fabrication d’armes et de munitions pour MBDA France.,2026-08-12,"entité juridique de référence, pas nécessairement tout le groupe",registre_public / synthèse,,SRC0001,https://www.data.gouv.fr/datasets/base-sirene-des-entreprises-et-de-leurs-etablissements-siren-siret,A1 - registre public officiel,documente,
6,6,MBDA,site_web,https://www.mbda-systems.com/,2026-08-12,groupe / entité selon libellé,metadonnee,,SRC0004,,M - méthode interne,documente,
6,6,MBDA,source_principale,https://www.mbda-systems.com/,2026-08-12,groupe / entité selon libellé,metadonnee,,SRC0004,,M - méthode interne,documente,
6,6,MBDA,source_implantations,https://www.mbda-systems.com/country-fr,2026-08-12,groupe / entité selon libellé,metadonnee,,SRC0004,,M - méthode interne,documente,
6,6,MBDA,source_coordonnees,https://www.data.gouv.fr/datasets/communes-et-villes-de-france-en-csv-excel-json-parquet-et-feather,2026-08-12,groupe / entité selon libellé,metadonnee,,SRC0004,,M - méthode interne,documente,
6,6,MBDA,perimetre_cartographique,"Implantations françaises industrielles, R&D, MCO, essais et fonctions centrales publiquement identifiables ; ce fichier ne vise pas à reproduire chaque SIRET administratif ou micro-bureau commercial.",2026-08-12,groupe / entité selon libellé,metadonnee,,SRC0004,,M - méthode interne,documente,
6,6,MBDA,date_reference,2026-08-12,2026,groupe / entité selon libellé,metadonnee,,SRC0004,,M - méthode interne,documente,
6,6,MBDA,nb_sites_referentiel_initial,4,2026-08-12,référentiel dashboard,calcule_referentiel,,SRC0004,,M - méthode interne,documente,
6,6,MBDA,nb_lignes_sirene_actives,7,2026-08-12,référentiel dashboard,calcule_referentiel,nombre de lignes rattachées à un établissement SIRENE actif,SRC0004,,M - méthode interne,documente,
6,6,MBDA,nb_nouveaux_etablissements_sirene,3,2026-08-12,référentiel dashboard,calcule_referentiel,nombre de lignes origine_ajout = SIRENE,SRC0004,,M - méthode interne,documente,
6,6,MBDA,nb_sirene_sans_signe_bitd,0,2026-08-12,référentiel dashboard,calcule_referentiel,,SRC0004,,M - méthode interne,documente,
6,6,MBDA,nb_sirene_a_confirmer,0,2026-08-12,référentiel dashboard,calcule_referentiel,,SRC0004,,M - méthode interne,documente,
6,6,MBDA,nb_etablissements_v2_total,7,2026-08-12,référentiel dashboard,calcule_referentiel,nombre total de lignes de l’entreprise dans etablissements.csv V2,SRC0004,,M - méthode interne,documente,
6,6,MBDA,nb_etablissements_affiches_par_defaut,7,2026-08-12,référentiel dashboard,calcule_referentiel,nombre de lignes avec affichage_carte_defaut = true,SRC0004,,M - méthode interne,documente,
6,6,MBDA,couverture_sirene_v2,établissements SIRENE actifs des unités légales opérationnelles identifiées et documentées dans cette V2 ; ne prétend pas couvrir toutes les filiales juridiques du groupe,2026-08-12,référentiel dashboard,calcule_referentiel,,SRC0004,,M - méthode interne,documente,
7,7,KNDS FRANCE,id,7,2026-08-12,groupe / entité selon libellé,synthese_documentaire,,SRC0028,https://knds.com/,A2 - source primaire corporate,documente,
7,7,KNDS FRANCE,slug,knds-france,2026-08-12,groupe / entité selon libellé,synthese_documentaire,,SRC0028,https://knds.com/,A2 - source primaire corporate,documente,
7,7,KNDS FRANCE,entreprise,KNDS FRANCE,2026-08-12,groupe / entité selon libellé,synthese_documentaire,,SRC0028,https://knds.com/,A2 - source primaire corporate,documente,
7,7,KNDS FRANCE,categorie,Grand maître d’œuvre / systémier,2026-08-12,groupe / entité selon libellé,synthese_documentaire,,SRC0028,https://knds.com/,A2 - source primaire corporate,documente,
7,7,KNDS FRANCE,secteur_principal,Terrestre,2026-08-12,groupe / entité selon libellé,synthese_documentaire,,SRC0028,https://knds.com/,A2 - source primaire corporate,documente,
7,7,KNDS FRANCE,specialite,"Blindés, artillerie, systèmes terrestres et munitions",2026-08-12,groupe / entité selon libellé,synthese_documentaire,,SRC0028,https://knds.com/,A2 - source primaire corporate,documente,
7,7,KNDS FRANCE,secteurs,"Terrestre, blindés, artillerie, tourelles, systèmes d’armes, robotique et munitions.",2026-08-12,groupe / entité selon libellé,synthese_documentaire,,SRC0028,https://knds.com/,A2 - source primaire corporate,documente,
7,7,KNDS FRANCE,description,"KNDS France est le principal maître d’œuvre français des systèmes terrestres lourds, héritier de Nexter. L’entreprise conçoit et produit blindés, artillerie, tourelles, systèmes d’armes et une partie des munitions nécessaires à l’Armée de terre. Elle est au cœur de SCORPION, de la remontée en cadence du CAESAR et de la modernisation du char Leclerc, avec un rôle souverain sur les architectures de combat terrestre.",2026-08-12,groupe / entité selon libellé,synthese_documentaire,,SRC0028,https://knds.com/,A2 - source primaire corporate,documente,
7,7,KNDS FRANCE,siege_ville,Versailles,2026-08-12,France / périmètre corporate indiqué,publie,,SRC0029,https://www.knds.com/about-us/sites/,A2 - source primaire corporate,documente,
7,7,KNDS FRANCE,siege_departement,Yvelines,2026-08-12,France / périmètre corporate indiqué,publie,,SRC0029,https://www.knds.com/about-us/sites/,A2 - source primaire corporate,documente,
7,7,KNDS FRANCE,siege_region,Île-de-France,2026-08-12,France / périmètre corporate indiqué,publie,,SRC0029,https://www.knds.com/about-us/sites/,A2 - source primaire corporate,documente,
7,7,KNDS FRANCE,siege_latitude,48.803,2026-08-12,commune du siège,geocode_centre_commune,,SRC0003,https://www.data.gouv.fr/datasets/communes-et-villes-de-france-en-csv-excel-json-parquet-et-feather,A1 - registre public officiel,documente,
7,7,KNDS FRANCE,siege_longitude,2.118,2026-08-12,commune du siège,geocode_centre_commune,,SRC0003,https://www.data.gouv.fr/datasets/communes-et-villes-de-france-en-csv-excel-json-parquet-et-feather,A1 - registre public officiel,documente,
7,7,KNDS FRANCE,effectif_label,"Plus de 11 000 collaborateurs pour le groupe KNDS ; environ 4 000 en France pour les principales activités françaises, ordre de grandeur public.",2026-08-12,groupe / entité selon libellé,publie,,SRC0031,https://knds.com/en/press-releases/knds-achieves-strong-revenue-growth-and-record-order-intake-in-2025,A2 - source primaire corporate,approximation_documentee,"Présenter comme ordre de grandeur, jamais comme valeur exacte."
7,7,KNDS FRANCE,nb_etablissements_france_public,10,2026-08-12,France / périmètre corporate indiqué,publie,,SRC0029,https://www.knds.com/about-us/sites/,A2 - source primaire corporate,documente,
7,7,KNDS FRANCE,nb_etablissements_france_public_label,10 sites KNDS en France (groupe),2026-08-12,France / périmètre corporate indiqué,publie,,SRC0029,https://www.knds.com/about-us/sites/,A2 - source primaire corporate,documente,
7,7,KNDS FRANCE,nb_sites_cartographies,8,2026-08-12,référentiel dashboard,calcule_referentiel,nombre de lignes/sites du référentiel initial pour l’entreprise,SRC0004,,M - méthode interne,documente,
7,7,KNDS FRANCE,nb_regions_cartographiees,5,2026-08-12,référentiel dashboard,calcule_referentiel,nombre de régions distinctes parmi les sites cartographiés,SRC0004,,M - méthode interne,documente,
7,7,KNDS FRANCE,couverture_cartographique,8/10 (80%),2026-08-12,référentiel dashboard,calcule_referentiel,nb_sites_cartographies / nb_etablissements_france_public lorsque le dénominateur est comparable,SRC0004,,M - méthode interne,documente,
7,7,KNDS FRANCE,statut_couverture,couverture_strategique_partielle,2026-08-12,référentiel dashboard,calcule_referentiel,,SRC0004,,M - méthode interne,documente,
7,7,KNDS FRANCE,book_to_bill,3.07,2026-08-12,KNDS groupe,calcule,prises de commandes / chiffre d’affaires,SRC0031,https://knds.com/en/press-releases/knds-achieves-strong-revenue-growth-and-record-order-intake-in-2025,A2 - source primaire corporate,documente,
7,7,KNDS FRANCE,book_to_bill_perimetre,KNDS groupe,2026-08-12,KNDS groupe,metadonnee_perimetre,,SRC0031,https://knds.com/en/press-releases/knds-achieves-strong-revenue-growth-and-record-order-intake-in-2025,A2 - source primaire corporate,documente,
7,7,KNDS FRANCE,ratio_carnet_ca,7.52,2026-08-12,KNDS groupe,calcule,carnet de commandes / chiffre d’affaires annuel,SRC0031,https://knds.com/en/press-releases/knds-achieves-strong-revenue-growth-and-record-order-intake-in-2025,A2 - source primaire corporate,documente,
7,7,KNDS FRANCE,ratio_carnet_ca_perimetre,KNDS groupe,2026-08-12,KNDS groupe,metadonnee_perimetre,,SRC0031,https://knds.com/en/press-releases/knds-achieves-strong-revenue-growth-and-record-order-intake-in-2025,A2 - source primaire corporate,documente,
7,7,KNDS FRANCE,ca_defense_label,"Le groupe KNDS a réalisé environ 4,4 Md€ de CA en 2025 ; la branche Land Systems France représente environ 1,3 Md€, hors consolidation complète des activités munitions françaises.",2025,groupe / entité selon libellé,publie,,SRC0031,https://knds.com/en/press-releases/knds-achieves-strong-revenue-growth-and-record-order-intake-in-2025,A2 - source primaire corporate,approximation_documentee,"Présenter comme ordre de grandeur, jamais comme valeur exacte."
7,7,KNDS FRANCE,carnet_commandes_label,"Groupe KNDS 2025 : CA 4,4 Md€, prises de commandes 13,5 Md€, carnet 33,1 Md€. Segment France : environ 1,3 Md€ de CA.",2025,groupe / entité selon libellé,publie,,SRC0031,https://knds.com/en/press-releases/knds-achieves-strong-revenue-growth-and-record-order-intake-in-2025,A2 - source primaire corporate,approximation_documentee,"Présenter comme ordre de grandeur, jamais comme valeur exacte."
7,7,KNDS FRANCE,indicateurs_financiers_label,"Carnet / CA groupe : 7,52x ; Book-to-bill groupe : 3,07x ; Marge/dette : non communiquées publiquement de façon détaillée",2026-08-12,groupe / entité selon libellé,publie,,SRC0031,https://knds.com/en/press-releases/knds-achieves-strong-revenue-growth-and-record-order-intake-in-2025,A2 - source primaire corporate,documente_avec_limite_perimetre,"Une valeur est publiée, mais un sous-périmètre associé est explicitement non communiqué ; conserver cette nuance dans l’interface."
7,7,KNDS FRANCE,actionnariat,"KNDS N.V. est historiquement détenu à parité par GIAT Industries/État français et Wegmann & Co.. En 2026, la gouvernance/actionnariat font l’objet d’un réaménagement franco-allemand annoncé, avec projet d’introduction en Bourse reporté/placé en attente ; la structure doit donc être lue comme en transition au 12 août 2026.",2026,capital / contrôle,publie / synthèse actionnariale,,SRC0018,https://www.economie.gouv.fr/agence-participations-etat/comprendre-lape/les-entreprises-de-lape,A1 - source publique institutionnelle,documente,
7,7,KNDS FRANCE,programmes,"SCORPION – Griffon, Jaguar, Serval, CAESAR, Leclerc XLR, VBCI, munitions de moyen et gros calibre, études MGCS.",2026-08-12,groupe / entité selon libellé,synthese_documentaire,,SRC0028,https://knds.com/,A2 - source primaire corporate,documente,
7,7,KNDS FRANCE,code_ape,30.40Z – Construction de véhicules militaires de combat pour l’entité opérationnelle KNDS France.,2026-08-12,"entité juridique de référence, pas nécessairement tout le groupe",registre_public / synthèse,,SRC0001,https://www.data.gouv.fr/datasets/base-sirene-des-entreprises-et-de-leurs-etablissements-siren-siret,A1 - registre public officiel,documente,
7,7,KNDS FRANCE,site_web,https://knds.com/,2026-08-12,groupe / entité selon libellé,metadonnee,,SRC0004,,M - méthode interne,documente,
7,7,KNDS FRANCE,source_principale,https://knds.com/,2026-08-12,groupe / entité selon libellé,metadonnee,,SRC0004,,M - méthode interne,documente,
7,7,KNDS FRANCE,source_implantations,https://www.knds.com/about-us/sites/,2026-08-12,groupe / entité selon libellé,metadonnee,,SRC0004,,M - méthode interne,documente,
7,7,KNDS FRANCE,source_coordonnees,https://www.data.gouv.fr/datasets/communes-et-villes-de-france-en-csv-excel-json-parquet-et-feather,2026-08-12,groupe / entité selon libellé,metadonnee,,SRC0004,,M - méthode interne,documente,
7,7,KNDS FRANCE,perimetre_cartographique,"Implantations françaises industrielles, R&D, MCO, essais et fonctions centrales publiquement identifiables ; ce fichier ne vise pas à reproduire chaque SIRET administratif ou micro-bureau commercial.",2026-08-12,groupe / entité selon libellé,metadonnee,,SRC0004,,M - méthode interne,documente,
7,7,KNDS FRANCE,date_reference,2026-08-12,2026,groupe / entité selon libellé,metadonnee,,SRC0004,,M - méthode interne,documente,
7,7,KNDS FRANCE,nb_sites_referentiel_initial,8,2026-08-12,référentiel dashboard,calcule_referentiel,,SRC0004,,M - méthode interne,documente,
7,7,KNDS FRANCE,nb_lignes_sirene_actives,17,2026-08-12,référentiel dashboard,calcule_referentiel,nombre de lignes rattachées à un établissement SIRENE actif,SRC0004,,M - méthode interne,documente,
7,7,KNDS FRANCE,nb_nouveaux_etablissements_sirene,12,2026-08-12,référentiel dashboard,calcule_referentiel,nombre de lignes origine_ajout = SIRENE,SRC0004,,M - méthode interne,documente,
7,7,KNDS FRANCE,nb_sirene_sans_signe_bitd,0,2026-08-12,référentiel dashboard,calcule_referentiel,,SRC0004,,M - méthode interne,documente,
7,7,KNDS FRANCE,nb_sirene_a_confirmer,0,2026-08-12,référentiel dashboard,calcule_referentiel,,SRC0004,,M - méthode interne,documente,
7,7,KNDS FRANCE,nb_etablissements_v2_total,20,2026-08-12,référentiel dashboard,calcule_referentiel,nombre total de lignes de l’entreprise dans etablissements.csv V2,SRC0004,,M - méthode interne,documente,
7,7,KNDS FRANCE,nb_etablissements_affiches_par_defaut,20,2026-08-12,référentiel dashboard,calcule_referentiel,nombre de lignes avec affichage_carte_defaut = true,SRC0004,,M - méthode interne,documente,
7,7,KNDS FRANCE,couverture_sirene_v2,établissements SIRENE actifs des unités légales opérationnelles identifiées et documentées dans cette V2 ; ne prétend pas couvrir toutes les filiales juridiques du groupe,2026-08-12,référentiel dashboard,calcule_referentiel,,SRC0004,,M - méthode interne,documente,
8,8,ARIANEGROUP,id,8,2026-08-12,groupe / entité selon libellé,synthese_documentaire,,SRC0032,https://www.ariane.group/,A2 - source primaire corporate,documente,
8,8,ARIANEGROUP,slug,arianegroup,2026-08-12,groupe / entité selon libellé,synthese_documentaire,,SRC0032,https://www.ariane.group/,A2 - source primaire corporate,documente,
8,8,ARIANEGROUP,entreprise,ARIANEGROUP,2026-08-12,groupe / entité selon libellé,synthese_documentaire,,SRC0032,https://www.ariane.group/,A2 - source primaire corporate,documente,
8,8,ARIANEGROUP,categorie,Grand maître d’œuvre / systémier,2026-08-12,groupe / entité selon libellé,synthese_documentaire,,SRC0032,https://www.ariane.group/,A2 - source primaire corporate,documente,
8,8,ARIANEGROUP,secteur_principal,Missiles & spatial,2026-08-12,groupe / entité selon libellé,synthese_documentaire,,SRC0032,https://www.ariane.group/,A2 - source primaire corporate,documente,
8,8,ARIANEGROUP,specialite,"Missiles balistiques stratégiques, propulsion et lanceurs spatiaux",2026-08-12,groupe / entité selon libellé,synthese_documentaire,,SRC0032,https://www.ariane.group/,A2 - source primaire corporate,documente,
8,8,ARIANEGROUP,secteurs,"Dissuasion, missiles balistiques, propulsion solide et liquide, lanceurs spatiaux, matériaux énergétiques.",2026-08-12,groupe / entité selon libellé,synthese_documentaire,,SRC0032,https://www.ariane.group/,A2 - source primaire corporate,documente,
8,8,ARIANEGROUP,description,"ArianeGroup est le maître d’œuvre industriel du missile balistique stratégique M51 et un acteur clé de la propulsion spatiale européenne. L’entreprise, détenue à parts égales par Airbus et Safran, rassemble des compétences souveraines en propulsion solide et liquide, matériaux énergétiques, intégration de systèmes stratégiques et lanceurs. Elle est indispensable à la composante océanique de la dissuasion française et, parallèlement, à l’autonomie d’accès européen à l’espace via Ariane 6.",2026-08-12,groupe / entité selon libellé,synthese_documentaire,,SRC0032,https://www.ariane.group/,A2 - source primaire corporate,documente,
8,8,ARIANEGROUP,siege_ville,Les Mureaux,2026-08-12,France / périmètre corporate indiqué,publie,,SRC0033,https://www.ariane.group/qui-sommes-nous/nos-sites/,A2 - source primaire corporate,documente,
8,8,ARIANEGROUP,siege_departement,Yvelines,2026-08-12,France / périmètre corporate indiqué,publie,,SRC0033,https://www.ariane.group/qui-sommes-nous/nos-sites/,A2 - source primaire corporate,documente,
8,8,ARIANEGROUP,siege_region,Île-de-France,2026-08-12,France / périmètre corporate indiqué,publie,,SRC0033,https://www.ariane.group/qui-sommes-nous/nos-sites/,A2 - source primaire corporate,documente,
8,8,ARIANEGROUP,siege_latitude,48.989,2026-08-12,commune du siège,geocode_centre_commune,,SRC0003,https://www.data.gouv.fr/datasets/communes-et-villes-de-france-en-csv-excel-json-parquet-et-feather,A1 - registre public officiel,documente,
8,8,ARIANEGROUP,siege_longitude,1.914,2026-08-12,commune du siège,geocode_centre_commune,,SRC0003,https://www.data.gouv.fr/datasets/communes-et-villes-de-france-en-csv-excel-json-parquet-et-feather,A1 - registre public officiel,documente,
8,8,ARIANEGROUP,effectif_label,Environ 8 700 collaborateurs en France et en Allemagne ; la part strictement défense n’est pas publiée séparément.,2026-08-12,groupe / entité selon libellé,publie,,SRC0032,https://www.ariane.group/,A2 - source primaire corporate,approximation_documentee,"Présenter comme ordre de grandeur, jamais comme valeur exacte."
8,8,ARIANEGROUP,nb_etablissements_france_public_label,"Environ 18 établissements recensés en France pour ArianeGroup SAS, selon le périmètre administratif de l’unité légale.",2026-08-12,France / périmètre corporate indiqué,publie,,SRC0033,https://www.ariane.group/qui-sommes-nous/nos-sites/,A2 - source primaire corporate,approximation_documentee,"Présenter comme ordre de grandeur, jamais comme valeur exacte."
8,8,ARIANEGROUP,nb_sites_cartographies,10,2026-08-12,référentiel dashboard,calcule_referentiel,nombre de lignes/sites du référentiel initial pour l’entreprise,SRC0004,,M - méthode interne,documente,
8,8,ARIANEGROUP,nb_regions_cartographiees,6,2026-08-12,référentiel dashboard,calcule_referentiel,nombre de régions distinctes parmi les sites cartographiés,SRC0004,,M - méthode interne,documente,
8,8,ARIANEGROUP,couverture_cartographique,10 sites cartographiés; total public comparable n.c.,2026-08-12,référentiel dashboard,calcule_referentiel,nb_sites_cartographies / nb_etablissements_france_public lorsque le dénominateur est comparable,SRC0004,,M - méthode interne,documente,
8,8,ARIANEGROUP,statut_couverture,sites_publics_identifies_non_exhaustivite_juridique,2026-08-12,référentiel dashboard,calcule_referentiel,,SRC0004,,M - méthode interne,documente,
8,8,ARIANEGROUP,ca_defense_label,"Non communiqué séparément. Le chiffre d’affaires groupe 2025 est d’environ 2,6 Md€, couvrant à la fois les activités spatiales et stratégiques.",2025,groupe / entité selon libellé,publie,,SRC0032,https://www.ariane.group/,A2 - source primaire corporate,documente_avec_limite_perimetre,"Une valeur est publiée, mais un sous-périmètre associé est explicitement non communiqué ; conserver cette nuance dans l’interface."
8,8,ARIANEGROUP,carnet_commandes_label,"CA 2025 : environ 2,6 Md€. Carnet de commandes Défense et ratios de marge/dette : non communiqués publiquement de manière exploitable, en raison du caractère stratégique et privé de l’entreprise.",2025,groupe / entité selon libellé,publie,,SRC0032,https://www.ariane.group/,A2 - source primaire corporate,documente_avec_limite_perimetre,"Une valeur est publiée, mais un sous-périmètre associé est explicitement non communiqué ; conserver cette nuance dans l’interface."
8,8,ARIANEGROUP,indicateurs_financiers_label,"CA 2025 : ~2,6 Md€ ; Carnet/CA : n.c. ; Marge/levier : n.c.",2025,groupe / entité selon libellé,publie,,SRC0032,https://www.ariane.group/,A2 - source primaire corporate,approximation_documentee,"Présenter comme ordre de grandeur, jamais comme valeur exacte."
8,8,ARIANEGROUP,actionnariat,Airbus 50 % et Safran 50 %. L’État français dispose de mécanismes spécifiques de protection des activités stratégiques ; un représentant de l’État et un commissaire du gouvernement participent à la gouvernance selon les dispositifs applicables.,2026-08-12,capital / contrôle,publie / synthèse actionnariale,,SRC0018,https://www.economie.gouv.fr/agence-participations-etat/comprendre-lape/les-entreprises-de-lape,A1 - source publique institutionnelle,documente,
8,8,ARIANEGROUP,programmes,"M51 et évolutions de la composante océanique, soutien des systèmes stratégiques, Ariane 6 comme capacité duale d’accès autonome à l’espace.",2026-08-12,groupe / entité selon libellé,synthese_documentaire,,SRC0032,https://www.ariane.group/,A2 - source primaire corporate,documente,
8,8,ARIANEGROUP,code_ape,30.30Z – Construction aéronautique et spatiale pour ArianeGroup SAS.,2026-08-12,"entité juridique de référence, pas nécessairement tout le groupe",registre_public / synthèse,,SRC0001,https://www.data.gouv.fr/datasets/base-sirene-des-entreprises-et-de-leurs-etablissements-siren-siret,A1 - registre public officiel,documente,
8,8,ARIANEGROUP,site_web,https://www.ariane.group/,2026-08-12,groupe / entité selon libellé,metadonnee,,SRC0004,,M - méthode interne,documente,
8,8,ARIANEGROUP,source_principale,https://www.ariane.group/,2026-08-12,groupe / entité selon libellé,metadonnee,,SRC0004,,M - méthode interne,documente,
8,8,ARIANEGROUP,source_implantations,https://www.ariane.group/qui-sommes-nous/nos-sites/,2026-08-12,groupe / entité selon libellé,metadonnee,,SRC0004,,M - méthode interne,documente,
8,8,ARIANEGROUP,source_coordonnees,https://www.data.gouv.fr/datasets/communes-et-villes-de-france-en-csv-excel-json-parquet-et-feather,2026-08-12,groupe / entité selon libellé,metadonnee,,SRC0004,,M - méthode interne,documente,
8,8,ARIANEGROUP,perimetre_cartographique,"Implantations françaises industrielles, R&D, MCO, essais et fonctions centrales publiquement identifiables ; ce fichier ne vise pas à reproduire chaque SIRET administratif ou micro-bureau commercial.",2026-08-12,groupe / entité selon libellé,metadonnee,,SRC0004,,M - méthode interne,documente,
8,8,ARIANEGROUP,date_reference,2026-08-12,2026,groupe / entité selon libellé,metadonnee,,SRC0004,,M - méthode interne,documente,
8,8,ARIANEGROUP,nb_sites_referentiel_initial,10,2026-08-12,référentiel dashboard,calcule_referentiel,,SRC0004,,M - méthode interne,documente,
8,8,ARIANEGROUP,nb_lignes_sirene_actives,3,2026-08-12,référentiel dashboard,calcule_referentiel,nombre de lignes rattachées à un établissement SIRENE actif,SRC0004,,M - méthode interne,documente,
8,8,ARIANEGROUP,nb_nouveaux_etablissements_sirene,2,2026-08-12,référentiel dashboard,calcule_referentiel,nombre de lignes origine_ajout = SIRENE,SRC0004,,M - méthode interne,documente,
8,8,ARIANEGROUP,nb_sirene_sans_signe_bitd,1,2026-08-12,référentiel dashboard,calcule_referentiel,,SRC0004,,M - méthode interne,documente,
8,8,ARIANEGROUP,nb_sirene_a_confirmer,1,2026-08-12,référentiel dashboard,calcule_referentiel,,SRC0004,,M - méthode interne,documente,
8,8,ARIANEGROUP,nb_etablissements_v2_total,12,2026-08-12,référentiel dashboard,calcule_referentiel,nombre total de lignes de l’entreprise dans etablissements.csv V2,SRC0004,,M - méthode interne,documente,
8,8,ARIANEGROUP,nb_etablissements_affiches_par_defaut,11,2026-08-12,référentiel dashboard,calcule_referentiel,nombre de lignes avec affichage_carte_defaut = true,SRC0004,,M - méthode interne,documente,
8,8,ARIANEGROUP,couverture_sirene_v2,établissements SIRENE actifs des unités légales opérationnelles identifiées et documentées dans cette V2 ; ne prétend pas couvrir toutes les filiales juridiques du groupe,2026-08-12,référentiel dashboard,calcule_referentiel,,SRC0004,,M - méthode interne,documente,
9,9,ARQUUS – JOHN COCKERILL DEFENSE,id,9,2026-08-12,groupe / entité selon libellé,synthese_documentaire,,SRC0035,https://www.arquus-defense.com/,A2 - source primaire corporate,documente,
9,9,ARQUUS – JOHN COCKERILL DEFENSE,slug,arquus-john-cockerill-defense,2026-08-12,groupe / entité selon libellé,synthese_documentaire,,SRC0035,https://www.arquus-defense.com/,A2 - source primaire corporate,documente,
9,9,ARQUUS – JOHN COCKERILL DEFENSE,entreprise,ARQUUS – JOHN COCKERILL DEFENSE,2026-08-12,groupe / entité selon libellé,synthese_documentaire,,SRC0035,https://www.arquus-defense.com/,A2 - source primaire corporate,documente,
9,9,ARQUUS – JOHN COCKERILL DEFENSE,categorie,Grand maître d’œuvre / systémier,2026-08-12,groupe / entité selon libellé,synthese_documentaire,,SRC0035,https://www.arquus-defense.com/,A2 - source primaire corporate,documente,
9,9,ARQUUS – JOHN COCKERILL DEFENSE,secteur_principal,Terrestre,2026-08-12,groupe / entité selon libellé,synthese_documentaire,,SRC0035,https://www.arquus-defense.com/,A2 - source primaire corporate,documente,
9,9,ARQUUS – JOHN COCKERILL DEFENSE,specialite,"Véhicules blindés à roues, mobilité terrestre, tourelles et MCO",2026-08-12,groupe / entité selon libellé,synthese_documentaire,,SRC0035,https://www.arquus-defense.com/,A2 - source primaire corporate,documente,
9,9,ARQUUS – JOHN COCKERILL DEFENSE,secteurs,"Mobilité terrestre, véhicules blindés à roues, protection, tourelles/tourelleaux, soutien et MCO.",2026-08-12,groupe / entité selon libellé,synthese_documentaire,,SRC0035,https://www.arquus-defense.com/,A2 - source primaire corporate,documente,
9,9,ARQUUS – JOHN COCKERILL DEFENSE,description,"Arquus, intégré à John Cockerill Defense, est un acteur historique de la mobilité militaire française et du soutien des parcs de véhicules terrestres. Il fournit des véhicules blindés et tactiques, des chaînes de mobilité, des tourelleaux téléopérés et des services de maintien en condition opérationnelle. Son importance souveraine tient à sa connaissance du parc roulant de l’Armée de terre et à sa contribution aux véhicules du programme SCORPION.",2026-08-12,groupe / entité selon libellé,synthese_documentaire,,SRC0035,https://www.arquus-defense.com/,A2 - source primaire corporate,documente,
9,9,ARQUUS – JOHN COCKERILL DEFENSE,siege_ville,Versailles,2026-08-12,France / périmètre corporate indiqué,publie,,SRC0036,https://www.arquus-defense.com/fr/nos-centres-dexcellence,A2 - source primaire corporate,documente,
9,9,ARQUUS – JOHN COCKERILL DEFENSE,siege_departement,Yvelines,2026-08-12,France / périmètre corporate indiqué,publie,,SRC0036,https://www.arquus-defense.com/fr/nos-centres-dexcellence,A2 - source primaire corporate,documente,
9,9,ARQUUS – JOHN COCKERILL DEFENSE,siege_region,Île-de-France,2026-08-12,France / périmètre corporate indiqué,publie,,SRC0036,https://www.arquus-defense.com/fr/nos-centres-dexcellence,A2 - source primaire corporate,documente,
9,9,ARQUUS – JOHN COCKERILL DEFENSE,siege_latitude,48.803,2026-08-12,commune du siège,geocode_centre_commune,,SRC0003,https://www.data.gouv.fr/datasets/communes-et-villes-de-france-en-csv-excel-json-parquet-et-feather,A1 - registre public officiel,documente,
9,9,ARQUUS – JOHN COCKERILL DEFENSE,siege_longitude,2.118,2026-08-12,commune du siège,geocode_centre_commune,,SRC0003,https://www.data.gouv.fr/datasets/communes-et-villes-de-france-en-csv-excel-json-parquet-et-feather,A1 - registre public officiel,documente,
9,9,ARQUUS – JOHN COCKERILL DEFENSE,effectif_label,Plus de 1 200 collaborateurs pour Arquus en France ; activité principalement défense.,2026-08-12,groupe / entité selon libellé,publie,,SRC0035,https://www.arquus-defense.com/,A2 - source primaire corporate,documente,
9,9,ARQUUS – JOHN COCKERILL DEFENSE,nb_etablissements_france_public_label,4 sites industriels principaux en France.,2026-08-12,France / périmètre corporate indiqué,publie,,SRC0036,https://www.arquus-defense.com/fr/nos-centres-dexcellence,A2 - source primaire corporate,documente,
9,9,ARQUUS – JOHN COCKERILL DEFENSE,nb_sites_cartographies,9,2026-08-12,référentiel dashboard,calcule_referentiel,nombre de lignes/sites du référentiel initial pour l’entreprise,SRC0004,,M - méthode interne,documente,
9,9,ARQUUS – JOHN COCKERILL DEFENSE,nb_regions_cartographiees,5,2026-08-12,référentiel dashboard,calcule_referentiel,nombre de régions distinctes parmi les sites cartographiés,SRC0004,,M - méthode interne,documente,
9,9,ARQUUS – JOHN COCKERILL DEFENSE,couverture_cartographique,9 sites cartographiés; total public comparable n.c.,2026-08-12,référentiel dashboard,calcule_referentiel,nb_sites_cartographies / nb_etablissements_france_public lorsque le dénominateur est comparable,SRC0004,,M - méthode interne,documente,
9,9,ARQUUS – JOHN COCKERILL DEFENSE,statut_couverture,sites_publics_identifies_non_exhaustivite_juridique,2026-08-12,référentiel dashboard,calcule_referentiel,,SRC0004,,M - méthode interne,documente,
9,9,ARQUUS – JOHN COCKERILL DEFENSE,book_to_bill,1.25,2026-08-12,John Cockerill groupe,calcule,prises de commandes / chiffre d’affaires,SRC0035,https://www.arquus-defense.com/,A2 - source primaire corporate,documente,
9,9,ARQUUS – JOHN COCKERILL DEFENSE,book_to_bill_perimetre,John Cockerill groupe,2026-08-12,John Cockerill groupe,metadonnee_perimetre,,SRC0035,https://www.arquus-defense.com/,A2 - source primaire corporate,documente,
9,9,ARQUUS – JOHN COCKERILL DEFENSE,marge_pct,3.0,2026-08-12,Marge EBITDA groupe,publie_ou_calcule_selon_publication,,SRC0035,https://www.arquus-defense.com/,A2 - source primaire corporate,documente,
9,9,ARQUUS – JOHN COCKERILL DEFENSE,marge_type,Marge EBITDA groupe,2026-08-12,groupe / entité selon libellé,publie,,SRC0035,https://www.arquus-defense.com/,A2 - source primaire corporate,documente,
9,9,ARQUUS – JOHN COCKERILL DEFENSE,ca_defense_label,"Le chiffre d’affaires d’Arquus n’est pas publié séparément depuis son intégration. John Cockerill affiche environ 1,6 Md€ de CA groupe 2025, avec une forte montée en puissance de la branche Défense.",2025,groupe / entité selon libellé,publie,,SRC0035,https://www.arquus-defense.com/,A2 - source primaire corporate,approximation_documentee,"Présenter comme ordre de grandeur, jamais comme valeur exacte."
9,9,ARQUUS – JOHN COCKERILL DEFENSE,carnet_commandes_label,"Groupe John Cockerill 2025 : commandes 2,063 Md€, CA 1,648 Md€, EBITDA 49 M€. Les prises de commandes Défense dépassent 1,1 Md€.",2025,groupe / entité selon libellé,publie,,SRC0035,https://www.arquus-defense.com/,A2 - source primaire corporate,documente,
9,9,ARQUUS – JOHN COCKERILL DEFENSE,indicateurs_financiers_label,"Marge EBITDA groupe : ~3,0 % ; Book-to-bill groupe : 1,25x ; Part Défense du carnet : non ventilée publiquement",2026-08-12,groupe / entité selon libellé,publie,,SRC0035,https://www.arquus-defense.com/,A2 - source primaire corporate,approximation_documentee,"Présenter comme ordre de grandeur, jamais comme valeur exacte."
9,9,ARQUUS – JOHN COCKERILL DEFENSE,actionnariat,"Arquus est intégré à John Cockerill Defense. Lors du rapprochement, les États français et belge ont chacun pris une participation stratégique de 10 % dans John Cockerill Defense ; le solde reste sous contrôle du groupe privé John Cockerill et de ses actionnaires.",2026-08-12,capital / contrôle,publie / synthèse actionnariale,,SRC0035,https://www.arquus-defense.com/,A2 - source primaire corporate,documente,
9,9,ARQUUS – JOHN COCKERILL DEFENSE,programmes,"Contribution à Griffon et Jaguar (mobilité et soutien), VBL Ultima, gamme Sherpa, tourelleaux Hornet, rénovation et MCO du parc terrestre.",2026-08-12,groupe / entité selon libellé,synthese_documentaire,,SRC0035,https://www.arquus-defense.com/,A2 - source primaire corporate,documente,
9,9,ARQUUS – JOHN COCKERILL DEFENSE,code_ape,29.10Z – Construction de véhicules automobiles pour l’entité Arquus de référence ; certaines activités de défense peuvent relever de codes spécialisés selon l’établissement.,2026-08-12,"entité juridique de référence, pas nécessairement tout le groupe",registre_public / synthèse,,SRC0001,https://www.data.gouv.fr/datasets/base-sirene-des-entreprises-et-de-leurs-etablissements-siren-siret,A1 - registre public officiel,documente,
9,9,ARQUUS – JOHN COCKERILL DEFENSE,site_web,https://www.arquus-defense.com/,2026-08-12,groupe / entité selon libellé,metadonnee,,SRC0004,,M - méthode interne,documente,
9,9,ARQUUS – JOHN COCKERILL DEFENSE,source_principale,https://www.arquus-defense.com/,2026-08-12,groupe / entité selon libellé,metadonnee,,SRC0004,,M - méthode interne,documente,
9,9,ARQUUS – JOHN COCKERILL DEFENSE,source_implantations,https://www.arquus-defense.com/fr/nos-centres-dexcellence,2026-08-12,groupe / entité selon libellé,metadonnee,,SRC0004,,M - méthode interne,documente,
9,9,ARQUUS – JOHN COCKERILL DEFENSE,source_coordonnees,https://www.data.gouv.fr/datasets/communes-et-villes-de-france-en-csv-excel-json-parquet-et-feather,2026-08-12,groupe / entité selon libellé,metadonnee,,SRC0004,,M - méthode interne,documente,
9,9,ARQUUS – JOHN COCKERILL DEFENSE,perimetre_cartographique,"Implantations françaises industrielles, R&D, MCO, essais et fonctions centrales publiquement identifiables ; ce fichier ne vise pas à reproduire chaque SIRET administratif ou micro-bureau commercial.",2026-08-12,groupe / entité selon libellé,metadonnee,,SRC0004,,M - méthode interne,documente,
9,9,ARQUUS – JOHN COCKERILL DEFENSE,date_reference,2026-08-12,2026,groupe / entité selon libellé,metadonnee,,SRC0004,,M - méthode interne,documente,
9,9,ARQUUS – JOHN COCKERILL DEFENSE,nb_sites_referentiel_initial,9,2026-08-12,référentiel dashboard,calcule_referentiel,,SRC0004,,M - méthode interne,documente,
9,9,ARQUUS – JOHN COCKERILL DEFENSE,nb_lignes_sirene_actives,8,2026-08-12,référentiel dashboard,calcule_referentiel,nombre de lignes rattachées à un établissement SIRENE actif,SRC0004,,M - méthode interne,documente,
9,9,ARQUUS – JOHN COCKERILL DEFENSE,nb_nouveaux_etablissements_sirene,3,2026-08-12,référentiel dashboard,calcule_referentiel,nombre de lignes origine_ajout = SIRENE,SRC0004,,M - méthode interne,documente,
9,9,ARQUUS – JOHN COCKERILL DEFENSE,nb_sirene_sans_signe_bitd,0,2026-08-12,référentiel dashboard,calcule_referentiel,,SRC0004,,M - méthode interne,documente,
9,9,ARQUUS – JOHN COCKERILL DEFENSE,nb_sirene_a_confirmer,0,2026-08-12,référentiel dashboard,calcule_referentiel,,SRC0004,,M - méthode interne,documente,
9,9,ARQUUS – JOHN COCKERILL DEFENSE,nb_etablissements_v2_total,12,2026-08-12,référentiel dashboard,calcule_referentiel,nombre total de lignes de l’entreprise dans etablissements.csv V2,SRC0004,,M - méthode interne,documente,
9,9,ARQUUS – JOHN COCKERILL DEFENSE,nb_etablissements_affiches_par_defaut,12,2026-08-12,référentiel dashboard,calcule_referentiel,nombre de lignes avec affichage_carte_defaut = true,SRC0004,,M - méthode interne,documente,
9,9,ARQUUS – JOHN COCKERILL DEFENSE,couverture_sirene_v2,établissements SIRENE actifs des unités légales opérationnelles identifiées et documentées dans cette V2 ; ne prétend pas couvrir toutes les filiales juridiques du groupe,2026-08-12,référentiel dashboard,calcule_referentiel,,SRC0004,,M - méthode interne,documente,
10,10,CHANTIERS DE L’ATLANTIQUE,id,10,2026-08-12,groupe / entité selon libellé,synthese_documentaire,,SRC0039,https://chantiers-atlantique.com/,A2 - source primaire corporate,documente,
10,10,CHANTIERS DE L’ATLANTIQUE,slug,chantiers-de-latlantique,2026-08-12,groupe / entité selon libellé,synthese_documentaire,,SRC0039,https://chantiers-atlantique.com/,A2 - source primaire corporate,documente,
10,10,CHANTIERS DE L’ATLANTIQUE,entreprise,CHANTIERS DE L’ATLANTIQUE,2026-08-12,groupe / entité selon libellé,synthese_documentaire,,SRC0039,https://chantiers-atlantique.com/,A2 - source primaire corporate,documente,
10,10,CHANTIERS DE L’ATLANTIQUE,categorie,Grand maître d’œuvre / systémier,2026-08-12,groupe / entité selon libellé,synthese_documentaire,,SRC0039,https://chantiers-atlantique.com/,A2 - source primaire corporate,documente,
10,10,CHANTIERS DE L’ATLANTIQUE,secteur_principal,Naval,2026-08-12,groupe / entité selon libellé,synthese_documentaire,,SRC0039,https://chantiers-atlantique.com/,A2 - source primaire corporate,documente,
10,10,CHANTIERS DE L’ATLANTIQUE,specialite,Grands bâtiments de surface et plateformes navales de fort tonnage,2026-08-12,groupe / entité selon libellé,synthese_documentaire,,SRC0039,https://chantiers-atlantique.com/,A2 - source primaire corporate,documente,
10,10,CHANTIERS DE L’ATLANTIQUE,secteurs,"Construction navale lourde, ingénierie de plateforme, intégration, grands bâtiments de surface.",2026-08-12,groupe / entité selon libellé,synthese_documentaire,,SRC0039,https://chantiers-atlantique.com/,A2 - source primaire corporate,documente,
10,10,CHANTIERS DE L’ATLANTIQUE,description,"Chantiers de l’Atlantique est d’abord un grand chantier naval civil, mais il possède une compétence souveraine unique en France pour les plateformes navales de très fort tonnage. Il intervient avec Naval Group sur les bâtiments ravitailleurs de forces et sur le futur porte-avions de nouvelle génération. Sa capacité de conception, d’assemblage et d’intégration de très grandes coques à Saint-Nazaire en fait un maillon critique pour les programmes navals stratégiques français.",2026-08-12,groupe / entité selon libellé,synthese_documentaire,,SRC0039,https://chantiers-atlantique.com/,A2 - source primaire corporate,documente,
10,10,CHANTIERS DE L’ATLANTIQUE,siege_ville,Saint-Nazaire,2026-08-12,France / périmètre corporate indiqué,publie,,SRC0039,https://chantiers-atlantique.com/,A2 - source primaire corporate,documente,
10,10,CHANTIERS DE L’ATLANTIQUE,siege_departement,Loire-Atlantique,2026-08-12,France / périmètre corporate indiqué,publie,,SRC0039,https://chantiers-atlantique.com/,A2 - source primaire corporate,documente,
10,10,CHANTIERS DE L’ATLANTIQUE,siege_region,Pays de la Loire,2026-08-12,France / périmètre corporate indiqué,publie,,SRC0039,https://chantiers-atlantique.com/,A2 - source primaire corporate,documente,
10,10,CHANTIERS DE L’ATLANTIQUE,siege_latitude,47.28,2026-08-12,commune du siège,geocode_centre_commune,,SRC0003,https://www.data.gouv.fr/datasets/communes-et-villes-de-france-en-csv-excel-json-parquet-et-feather,A1 - registre public officiel,documente,
10,10,CHANTIERS DE L’ATLANTIQUE,siege_longitude,-2.254,2026-08-12,commune du siège,geocode_centre_commune,,SRC0003,https://www.data.gouv.fr/datasets/communes-et-villes-de-france-en-csv-excel-json-parquet-et-feather,A1 - registre public officiel,documente,
10,10,CHANTIERS DE L’ATLANTIQUE,effectif_label,Environ 4 000 collaborateurs sur le site industriel de Saint-Nazaire et dans les fonctions associées ; effectif défense non isolé.,2026-08-12,groupe / entité selon libellé,publie,,SRC0039,https://chantiers-atlantique.com/,A2 - source primaire corporate,approximation_documentee,"Présenter comme ordre de grandeur, jamais comme valeur exacte."
10,10,CHANTIERS DE L’ATLANTIQUE,nb_etablissements_france_public_label,"1 site industriel principal en France de très grande capacité, à Saint-Nazaire, complété par des équipes de projet et d’ingénierie.",2026-08-12,France / périmètre corporate indiqué,publie,,SRC0039,https://chantiers-atlantique.com/,A2 - source primaire corporate,documente,
10,10,CHANTIERS DE L’ATLANTIQUE,nb_sites_cartographies,2,2026-08-12,référentiel dashboard,calcule_referentiel,nombre de lignes/sites du référentiel initial pour l’entreprise,SRC0004,,M - méthode interne,documente,
10,10,CHANTIERS DE L’ATLANTIQUE,nb_regions_cartographiees,1,2026-08-12,référentiel dashboard,calcule_referentiel,nombre de régions distinctes parmi les sites cartographiés,SRC0004,,M - méthode interne,documente,
10,10,CHANTIERS DE L’ATLANTIQUE,couverture_cartographique,2 sites cartographiés; total public comparable n.c.,2026-08-12,référentiel dashboard,calcule_referentiel,nb_sites_cartographies / nb_etablissements_france_public lorsque le dénominateur est comparable,SRC0004,,M - méthode interne,documente,
10,10,CHANTIERS DE L’ATLANTIQUE,statut_couverture,sites_publics_identifies_non_exhaustivite_juridique,2026-08-12,référentiel dashboard,calcule_referentiel,,SRC0004,,M - méthode interne,documente,
10,10,CHANTIERS DE L’ATLANTIQUE,ratio_carnet_ca,5.0,2026-08-12,"Ordre de grandeur de couverture du carnet, ~5 ans",calcule,carnet de commandes / chiffre d’affaires annuel,SRC0039,https://chantiers-atlantique.com/,A2 - source primaire corporate,documente,
10,10,CHANTIERS DE L’ATLANTIQUE,ratio_carnet_ca_perimetre,"Ordre de grandeur de couverture du carnet, ~5 ans",2026-08-12,"Ordre de grandeur de couverture du carnet, ~5 ans",metadonnee_perimetre,,SRC0039,https://chantiers-atlantique.com/,A2 - source primaire corporate,approximation_documentee,"Présenter comme ordre de grandeur, jamais comme valeur exacte."
10,10,CHANTIERS DE L’ATLANTIQUE,ca_defense_label,"Non communiqué séparément. Chiffre d’affaires total 2025 d’environ 2,82 Md€, très majoritairement civil ; la part défense est concentrée sur les grands programmes navals.",2025,groupe / entité selon libellé,publie,,SRC0039,https://chantiers-atlantique.com/,A2 - source primaire corporate,documente_avec_limite_perimetre,"Une valeur est publiée, mais un sous-périmètre associé est explicitement non communiqué ; conserver cette nuance dans l’interface."
10,10,CHANTIERS DE L’ATLANTIQUE,carnet_commandes_label,"Carnet global très élevé, couvrant environ cinq années de production selon les communications publiques récentes ; la part Défense n’est pas isolée. CA 2025 publié/rapporté autour de 2,6–2,8 Md€ selon périmètre/source.",2025,groupe / entité selon libellé,publie,,SRC0039,https://chantiers-atlantique.com/,A2 - source primaire corporate,approximation_documentee,"Présenter comme ordre de grandeur, jamais comme valeur exacte."
10,10,CHANTIERS DE L’ATLANTIQUE,indicateurs_financiers_label,Couverture de carnet : ~5 ans (ordre de grandeur) ; Ratios Défense : n.c. ; Rentabilité détaillée récente : non publiée de façon comparable,2026-08-12,groupe / entité selon libellé,publie,,SRC0039,https://chantiers-atlantique.com/,A2 - source primaire corporate,approximation_documentee,"Présenter comme ordre de grandeur, jamais comme valeur exacte."
10,10,CHANTIERS DE L’ATLANTIQUE,actionnariat,"État français 84,34 %, Naval Group 11,67 %, salariés environ 2,4 %, entreprises locales via COFIPME environ 1,59 %. Contrôle public très majoritaire.",2026-08-12,capital / contrôle,publie / synthèse actionnariale,,SRC0039,https://chantiers-atlantique.com/,A2 - source primaire corporate,approximation_documentee,"Présenter comme ordre de grandeur, jamais comme valeur exacte."
10,10,CHANTIERS DE L’ATLANTIQUE,programmes,FLOTLOG / bâtiments ravitailleurs de forces (BRF) et porte-avions de nouvelle génération (PA-NG / France Libre).,2026-08-12,groupe / entité selon libellé,synthese_documentaire,,SRC0039,https://chantiers-atlantique.com/,A2 - source primaire corporate,documente,
10,10,CHANTIERS DE L’ATLANTIQUE,code_ape,30.11Z – Construction de navires et de structures flottantes.,2026-08-12,"entité juridique de référence, pas nécessairement tout le groupe",registre_public / synthèse,,SRC0001,https://www.data.gouv.fr/datasets/base-sirene-des-entreprises-et-de-leurs-etablissements-siren-siret,A1 - registre public officiel,documente,
10,10,CHANTIERS DE L’ATLANTIQUE,site_web,https://chantiers-atlantique.com/,2026-08-12,groupe / entité selon libellé,metadonnee,,SRC0004,,M - méthode interne,documente,
10,10,CHANTIERS DE L’ATLANTIQUE,source_principale,https://chantiers-atlantique.com/,2026-08-12,groupe / entité selon libellé,metadonnee,,SRC0004,,M - méthode interne,documente,
10,10,CHANTIERS DE L’ATLANTIQUE,source_implantations,https://chantiers-atlantique.com/,2026-08-12,groupe / entité selon libellé,metadonnee,,SRC0004,,M - méthode interne,documente,
10,10,CHANTIERS DE L’ATLANTIQUE,source_coordonnees,https://www.data.gouv.fr/datasets/communes-et-villes-de-france-en-csv-excel-json-parquet-et-feather,2026-08-12,groupe / entité selon libellé,metadonnee,,SRC0004,,M - méthode interne,documente,
10,10,CHANTIERS DE L’ATLANTIQUE,perimetre_cartographique,"Implantations françaises industrielles, R&D, MCO, essais et fonctions centrales publiquement identifiables ; ce fichier ne vise pas à reproduire chaque SIRET administratif ou micro-bureau commercial.",2026-08-12,groupe / entité selon libellé,metadonnee,,SRC0004,,M - méthode interne,documente,
10,10,CHANTIERS DE L’ATLANTIQUE,date_reference,2026-08-12,2026,groupe / entité selon libellé,metadonnee,,SRC0004,,M - méthode interne,documente,
10,10,CHANTIERS DE L’ATLANTIQUE,nb_sites_referentiel_initial,2,2026-08-12,référentiel dashboard,calcule_referentiel,,SRC0004,,M - méthode interne,documente,
10,10,CHANTIERS DE L’ATLANTIQUE,nb_lignes_sirene_actives,1,2026-08-12,référentiel dashboard,calcule_referentiel,nombre de lignes rattachées à un établissement SIRENE actif,SRC0004,,M - méthode interne,documente,
10,10,CHANTIERS DE L’ATLANTIQUE,nb_nouveaux_etablissements_sirene,0,2026-08-12,référentiel dashboard,calcule_referentiel,nombre de lignes origine_ajout = SIRENE,SRC0004,,M - méthode interne,documente,
10,10,CHANTIERS DE L’ATLANTIQUE,nb_sirene_sans_signe_bitd,0,2026-08-12,référentiel dashboard,calcule_referentiel,,SRC0004,,M - méthode interne,documente,
10,10,CHANTIERS DE L’ATLANTIQUE,nb_sirene_a_confirmer,0,2026-08-12,référentiel dashboard,calcule_referentiel,,SRC0004,,M - méthode interne,documente,
10,10,CHANTIERS DE L’ATLANTIQUE,nb_etablissements_v2_total,2,2026-08-12,référentiel dashboard,calcule_referentiel,nombre total de lignes de l’entreprise dans etablissements.csv V2,SRC0004,,M - méthode interne,documente,
10,10,CHANTIERS DE L’ATLANTIQUE,nb_etablissements_affiches_par_defaut,2,2026-08-12,référentiel dashboard,calcule_referentiel,nombre de lignes avec affichage_carte_defaut = true,SRC0004,,M - méthode interne,documente,
10,10,CHANTIERS DE L’ATLANTIQUE,couverture_sirene_v2,établissements SIRENE actifs des unités légales opérationnelles identifiées et documentées dans cette V2 ; ne prétend pas couvrir toutes les filiales juridiques du groupe,2026-08-12,référentiel dashboard,calcule_referentiel,,SRC0004,,M - méthode interne,documente,
11,11,TECHNICATOME,id,11,2026-08-12,groupe / entité selon libellé,synthese_documentaire,,SRC0042,https://www.technicatome.com/,A2 - source primaire corporate,documente,
11,11,TECHNICATOME,slug,technicatome,2026-08-12,groupe / entité selon libellé,synthese_documentaire,,SRC0042,https://www.technicatome.com/,A2 - source primaire corporate,documente,
11,11,TECHNICATOME,entreprise,TECHNICATOME,2026-08-12,groupe / entité selon libellé,synthese_documentaire,,SRC0042,https://www.technicatome.com/,A2 - source primaire corporate,documente,
11,11,TECHNICATOME,categorie,Maître d’œuvre spécialisé,2026-08-12,groupe / entité selon libellé,synthese_documentaire,,SRC0042,https://www.technicatome.com/,A2 - source primaire corporate,documente,
11,11,TECHNICATOME,secteur_principal,Nucléaire naval,2026-08-12,groupe / entité selon libellé,synthese_documentaire,,SRC0042,https://www.technicatome.com/,A2 - source primaire corporate,documente,
11,11,TECHNICATOME,specialite,Propulsion nucléaire navale et ingénierie nucléaire de défense,2026-08-12,groupe / entité selon libellé,synthese_documentaire,,SRC0042,https://www.technicatome.com/,A2 - source primaire corporate,documente,
11,11,TECHNICATOME,secteurs,"Nucléaire naval, propulsion, ingénierie de réacteurs compacts, sûreté, soutien en service.",2026-08-12,groupe / entité selon libellé,synthese_documentaire,,SRC0042,https://www.technicatome.com/,A2 - source primaire corporate,documente,
11,11,TECHNICATOME,description,"TechnicAtome est le spécialiste français de la conception et de la réalisation des chaufferies nucléaires compactes destinées notamment à la propulsion navale. Il travaille pour la DGA, le CEA et la Marine nationale sur les sous-marins nucléaires et le futur porte-avions. Cette compétence, extrêmement rare et sensible, est directement liée à la permanence de la dissuasion et à l’autonomie stratégique française.",2026-08-12,groupe / entité selon libellé,synthese_documentaire,,SRC0042,https://www.technicatome.com/,A2 - source primaire corporate,documente,
11,11,TECHNICATOME,siege_ville,Saclay,2026-08-12,France / périmètre corporate indiqué,publie,,SRC0043,https://www.technicatome.com/nous-connaitre/implantations/,A2 - source primaire corporate,documente,
11,11,TECHNICATOME,siege_departement,Essonne,2026-08-12,France / périmètre corporate indiqué,publie,,SRC0043,https://www.technicatome.com/nous-connaitre/implantations/,A2 - source primaire corporate,documente,
11,11,TECHNICATOME,siege_region,Île-de-France,2026-08-12,France / périmètre corporate indiqué,publie,,SRC0043,https://www.technicatome.com/nous-connaitre/implantations/,A2 - source primaire corporate,documente,
11,11,TECHNICATOME,siege_latitude,48.735,2026-08-12,commune du siège,geocode_centre_commune,,SRC0003,https://www.data.gouv.fr/datasets/communes-et-villes-de-france-en-csv-excel-json-parquet-et-feather,A1 - registre public officiel,documente,
11,11,TECHNICATOME,siege_longitude,2.166,2026-08-12,commune du siège,geocode_centre_commune,,SRC0003,https://www.data.gouv.fr/datasets/communes-et-villes-de-france-en-csv-excel-json-parquet-et-feather,A1 - registre public officiel,documente,
11,11,TECHNICATOME,effectif_label,"Environ 2 200 collaborateurs ; la part liée à la défense et à la dissuasion est majoritaire, sans effectif séparé publié.",2026-08-12,groupe / entité selon libellé,publie,,SRC0045,https://www.technicatome.com/actualites/resultats-financiers-technicatome-poursuit-sa-trajectoire/,A2 - source primaire corporate,approximation_documentee,"Présenter comme ordre de grandeur, jamais comme valeur exacte."
11,11,TECHNICATOME,nb_etablissements_france_public,8,2026-08-12,France / périmètre corporate indiqué,publie,,SRC0043,https://www.technicatome.com/nous-connaitre/implantations/,A2 - source primaire corporate,documente,
11,11,TECHNICATOME,nb_etablissements_france_public_label,8 sites TechnicAtome en France,2026-08-12,France / périmètre corporate indiqué,publie,,SRC0043,https://www.technicatome.com/nous-connaitre/implantations/,A2 - source primaire corporate,documente,
11,11,TECHNICATOME,nb_sites_cartographies,8,2026-08-12,référentiel dashboard,calcule_referentiel,nombre de lignes/sites du référentiel initial pour l’entreprise,SRC0004,,M - méthode interne,documente,
11,11,TECHNICATOME,nb_regions_cartographiees,6,2026-08-12,référentiel dashboard,calcule_referentiel,nombre de régions distinctes parmi les sites cartographiés,SRC0004,,M - méthode interne,documente,
11,11,TECHNICATOME,couverture_cartographique,8/8 (100%),2026-08-12,référentiel dashboard,calcule_referentiel,nb_sites_cartographies / nb_etablissements_france_public lorsque le dénominateur est comparable,SRC0004,,M - méthode interne,documente,
11,11,TECHNICATOME,statut_couverture,couverture_complete,2026-08-12,référentiel dashboard,calcule_referentiel,,SRC0004,,M - méthode interne,documente,
11,11,TECHNICATOME,ratio_carnet_ca,5.0,2026-08-12,"Couverture de carnet >5 ans, valeur 5 utilisée uniquement comme plancher",calcule,carnet de commandes / chiffre d’affaires annuel,SRC0045,https://www.technicatome.com/actualites/resultats-financiers-technicatome-poursuit-sa-trajectoire/,A2 - source primaire corporate,documente,
11,11,TECHNICATOME,ratio_carnet_ca_perimetre,"Couverture de carnet >5 ans, valeur 5 utilisée uniquement comme plancher",2026-08-12,"Couverture de carnet >5 ans, valeur 5 utilisée uniquement comme plancher",metadonnee_perimetre,,SRC0045,https://www.technicatome.com/actualites/resultats-financiers-technicatome-poursuit-sa-trajectoire/,A2 - source primaire corporate,documente,
11,11,TECHNICATOME,marge_pct,12.3,2026-08-12,Marge nette,publie_ou_calcule_selon_publication,,SRC0045,https://www.technicatome.com/actualites/resultats-financiers-technicatome-poursuit-sa-trajectoire/,A2 - source primaire corporate,documente,
11,11,TECHNICATOME,marge_type,Marge nette,2026-08-12,groupe / entité selon libellé,publie,,SRC0045,https://www.technicatome.com/actualites/resultats-financiers-technicatome-poursuit-sa-trajectoire/,A2 - source primaire corporate,documente,
11,11,TECHNICATOME,ca_defense_label,"Non ventilé précisément. Chiffre d’affaires total récent d’environ 662 M€, avec une activité liée à la dissuasion et à la propulsion navale présentée comme majoritaire.",2026-08-12,groupe / entité selon libellé,publie,,SRC0045,https://www.technicatome.com/actualites/resultats-financiers-technicatome-poursuit-sa-trajectoire/,A2 - source primaire corporate,à actualiser,Le texte mentionne environ 662 M€ alors que les résultats 2025 publiés donnent 683 M€. Mettre à jour le CA total récent à 683 M€ (2025) ; ne pas le qualifier de CA défense pur.
11,11,TECHNICATOME,carnet_commandes_label,"CA 2025 683 M€, résultat net part du groupe 84 M€ et carnet de commandes équivalent à plus de cinq années de CA, renforcé par le PA-NG et le premier SNLE 3G de série.",2025,groupe / entité selon libellé,publie,,SRC0045,https://www.technicatome.com/actualites/resultats-financiers-technicatome-poursuit-sa-trajectoire/,A2 - source primaire corporate,documente,
11,11,TECHNICATOME,indicateurs_financiers_label,"Marge nette : ~12,3 % ; Couverture du carnet : >5 ans ; Carnet implicite : >3,4 Md€ (ordre de grandeur calculé, non chiffre publié)",2026-08-12,groupe / entité selon libellé,publie,,SRC0045,https://www.technicatome.com/actualites/resultats-financiers-technicatome-poursuit-sa-trajectoire/,A2 - source primaire corporate,approximation_documentee,"Présenter comme ordre de grandeur, jamais comme valeur exacte."
11,11,TECHNICATOME,actionnariat,"APE/État 50,32 %, Naval Group 20,32 %, CEA 20,32 %, EDF via EDF Holding 9,03 %. Contrôle public et para-public intégral.",2026-08-12,capital / contrôle,publie / synthèse actionnariale,,SRC0044,https://www.technicatome.com/nous-connaitre/gouvernance/,A2 - source primaire corporate,documente,
11,11,TECHNICATOME,programmes,"Sous-marins Barracuda / Suffren, SNLE 3G, chaufferies du PA-NG, réacteur d’essais RES et soutien du parc nucléaire naval.",2026-08-12,groupe / entité selon libellé,synthese_documentaire,,SRC0042,https://www.technicatome.com/,A2 - source primaire corporate,documente,
11,11,TECHNICATOME,code_ape,"71.12B – Ingénierie, études techniques.",2026-08-12,"entité juridique de référence, pas nécessairement tout le groupe",registre_public / synthèse,,SRC0001,https://www.data.gouv.fr/datasets/base-sirene-des-entreprises-et-de-leurs-etablissements-siren-siret,A1 - registre public officiel,documente,
11,11,TECHNICATOME,site_web,https://www.technicatome.com/,2026-08-12,groupe / entité selon libellé,metadonnee,,SRC0004,,M - méthode interne,documente,
11,11,TECHNICATOME,source_principale,https://www.technicatome.com/,2026-08-12,groupe / entité selon libellé,metadonnee,,SRC0004,,M - méthode interne,documente,
11,11,TECHNICATOME,source_implantations,https://www.technicatome.com/nous-connaitre/implantations/,2026-08-12,groupe / entité selon libellé,metadonnee,,SRC0004,,M - méthode interne,documente,
11,11,TECHNICATOME,source_coordonnees,https://www.data.gouv.fr/datasets/communes-et-villes-de-france-en-csv-excel-json-parquet-et-feather,2026-08-12,groupe / entité selon libellé,metadonnee,,SRC0004,,M - méthode interne,documente,
11,11,TECHNICATOME,perimetre_cartographique,"Implantations françaises industrielles, R&D, MCO, essais et fonctions centrales publiquement identifiables ; ce fichier ne vise pas à reproduire chaque SIRET administratif ou micro-bureau commercial.",2026-08-12,groupe / entité selon libellé,metadonnee,,SRC0004,,M - méthode interne,documente,
11,11,TECHNICATOME,date_reference,2026-08-12,2026,groupe / entité selon libellé,metadonnee,,SRC0004,,M - méthode interne,documente,
11,11,TECHNICATOME,nb_sites_referentiel_initial,8,2026-08-12,référentiel dashboard,calcule_referentiel,,SRC0004,,M - méthode interne,documente,
11,11,TECHNICATOME,nb_lignes_sirene_actives,7,2026-08-12,référentiel dashboard,calcule_referentiel,nombre de lignes rattachées à un établissement SIRENE actif,SRC0004,,M - méthode interne,documente,
11,11,TECHNICATOME,nb_nouveaux_etablissements_sirene,3,2026-08-12,référentiel dashboard,calcule_referentiel,nombre de lignes origine_ajout = SIRENE,SRC0004,,M - méthode interne,documente,
11,11,TECHNICATOME,nb_sirene_sans_signe_bitd,0,2026-08-12,référentiel dashboard,calcule_referentiel,,SRC0004,,M - méthode interne,documente,
11,11,TECHNICATOME,nb_sirene_a_confirmer,0,2026-08-12,référentiel dashboard,calcule_referentiel,,SRC0004,,M - méthode interne,documente,
11,11,TECHNICATOME,nb_etablissements_v2_total,11,2026-08-12,référentiel dashboard,calcule_referentiel,nombre total de lignes de l’entreprise dans etablissements.csv V2,SRC0004,,M - méthode interne,documente,
11,11,TECHNICATOME,nb_etablissements_affiches_par_defaut,11,2026-08-12,référentiel dashboard,calcule_referentiel,nombre de lignes avec affichage_carte_defaut = true,SRC0004,,M - méthode interne,documente,
11,11,TECHNICATOME,couverture_sirene_v2,établissements SIRENE actifs des unités légales opérationnelles identifiées et documentées dans cette V2 ; ne prétend pas couvrir toutes les filiales juridiques du groupe,2026-08-12,référentiel dashboard,calcule_referentiel,,SRC0004,,M - méthode interne,documente,
12,12,EXAIL TECHNOLOGIES,id,12,2026-08-12,groupe / entité selon libellé,synthese_documentaire,,SRC0046,https://www.exail-technologies.com/,A2 - source primaire corporate,documente,
12,12,EXAIL TECHNOLOGIES,slug,exail-technologies,2026-08-12,groupe / entité selon libellé,synthese_documentaire,,SRC0046,https://www.exail-technologies.com/,A2 - source primaire corporate,documente,
12,12,EXAIL TECHNOLOGIES,entreprise,EXAIL TECHNOLOGIES,2026-08-12,groupe / entité selon libellé,synthese_documentaire,,SRC0046,https://www.exail-technologies.com/,A2 - source primaire corporate,documente,
12,12,EXAIL TECHNOLOGIES,categorie,Équipementier / acteur technologique stratégique,2026-08-12,groupe / entité selon libellé,synthese_documentaire,,SRC0046,https://www.exail-technologies.com/,A2 - source primaire corporate,documente,
12,12,EXAIL TECHNOLOGIES,secteur_principal,Robotique & naval,2026-08-12,groupe / entité selon libellé,synthese_documentaire,,SRC0046,https://www.exail-technologies.com/,A2 - source primaire corporate,documente,
12,12,EXAIL TECHNOLOGIES,specialite,"Robotique maritime, drones de guerre des mines et navigation inertielle",2026-08-12,groupe / entité selon libellé,synthese_documentaire,,SRC0046,https://www.exail-technologies.com/,A2 - source primaire corporate,documente,
12,12,EXAIL TECHNOLOGIES,secteurs,"Drones navals, guerre des mines, navigation inertielle, acoustique, robotique, photonique.",2026-08-12,groupe / entité selon libellé,synthese_documentaire,,SRC0046,https://www.exail-technologies.com/,A2 - source primaire corporate,documente,
12,12,EXAIL TECHNOLOGIES,description,"Exail Technologies est un groupe technologique français spécialisé dans la robotique autonome, la navigation inertielle, la photonique et les systèmes maritimes. Dans la défense, il est particulièrement visible dans la guerre des mines robotisée, les drones de surface et sous-marins et les centrales de navigation à haute performance. Ses technologies contribuent à la souveraineté de navigation et à l’autonomisation des opérations navales, avec des références françaises et internationales.",2026-08-12,groupe / entité selon libellé,synthese_documentaire,,SRC0046,https://www.exail-technologies.com/,A2 - source primaire corporate,documente,
12,12,EXAIL TECHNOLOGIES,siege_ville,Saint-Germain-en-Laye,2026-08-12,France / périmètre corporate indiqué,publie,,SRC0047,https://jobs.exail.com/,A2 - source primaire corporate,documente,
12,12,EXAIL TECHNOLOGIES,siege_departement,Yvelines,2026-08-12,France / périmètre corporate indiqué,publie,,SRC0047,https://jobs.exail.com/,A2 - source primaire corporate,documente,
12,12,EXAIL TECHNOLOGIES,siege_region,Île-de-France,2026-08-12,France / périmètre corporate indiqué,publie,,SRC0047,https://jobs.exail.com/,A2 - source primaire corporate,documente,
12,12,EXAIL TECHNOLOGIES,siege_latitude,48.941,2026-08-12,commune du siège,geocode_centre_commune,,SRC0003,https://www.data.gouv.fr/datasets/communes-et-villes-de-france-en-csv-excel-json-parquet-et-feather,A1 - registre public officiel,documente,
12,12,EXAIL TECHNOLOGIES,siege_longitude,2.099,2026-08-12,commune du siège,geocode_centre_commune,,SRC0003,https://www.data.gouv.fr/datasets/communes-et-villes-de-france-en-csv-excel-json-parquet-et-feather,A1 - registre public officiel,documente,
12,12,EXAIL TECHNOLOGIES,effectif_label,Environ 2 200 collaborateurs au niveau groupe ; effectif défense non publié séparément.,2026-08-12,groupe / entité selon libellé,publie,,SRC0048,https://www.exail-technologies.com/fr/resultats-annuels-2025-forte-amelioration-des-resultats-et-des-flux-de-tresorerie/,A2 - source primaire corporate,approximation_documentee,"Présenter comme ordre de grandeur, jamais comme valeur exacte."
12,12,EXAIL TECHNOLOGIES,nb_etablissements_france_public_label,Le groupe ne publie pas un nombre consolidé unique de sites français ; au moins 4 grands pôles sont publiquement identifiables pour les activités défense et navigation.,2026-08-12,France / périmètre corporate indiqué,publie,,SRC0047,https://jobs.exail.com/,A2 - source primaire corporate,documente,
12,12,EXAIL TECHNOLOGIES,nb_sites_cartographies,5,2026-08-12,référentiel dashboard,calcule_referentiel,nombre de lignes/sites du référentiel initial pour l’entreprise,SRC0004,,M - méthode interne,documente,
12,12,EXAIL TECHNOLOGIES,nb_regions_cartographiees,3,2026-08-12,référentiel dashboard,calcule_referentiel,nombre de régions distinctes parmi les sites cartographiés,SRC0004,,M - méthode interne,documente,
12,12,EXAIL TECHNOLOGIES,couverture_cartographique,5 sites cartographiés; total public comparable n.c.,2026-08-12,référentiel dashboard,calcule_referentiel,nb_sites_cartographies / nb_etablissements_france_public lorsque le dénominateur est comparable,SRC0004,,M - méthode interne,documente,
12,12,EXAIL TECHNOLOGIES,statut_couverture,sites_publics_identifies_non_exhaustivite_juridique,2026-08-12,référentiel dashboard,calcule_referentiel,,SRC0004,,M - méthode interne,documente,
12,12,EXAIL TECHNOLOGIES,book_to_bill,1.76,2026-08-12,Exail Technologies,calcule,prises de commandes / chiffre d’affaires,SRC0048,https://www.exail-technologies.com/fr/resultats-annuels-2025-forte-amelioration-des-resultats-et-des-flux-de-tresorerie/,A2 - source primaire corporate,documente,
12,12,EXAIL TECHNOLOGIES,book_to_bill_perimetre,Exail Technologies,2026-08-12,Exail Technologies,metadonnee_perimetre,,SRC0048,https://www.exail-technologies.com/fr/resultats-annuels-2025-forte-amelioration-des-resultats-et-des-flux-de-tresorerie/,A2 - source primaire corporate,documente,
12,12,EXAIL TECHNOLOGIES,ratio_carnet_ca,2.3,2026-08-12,Exail Technologies,calcule,carnet de commandes / chiffre d’affaires annuel,SRC0048,https://www.exail-technologies.com/fr/resultats-annuels-2025-forte-amelioration-des-resultats-et-des-flux-de-tresorerie/,A2 - source primaire corporate,documente,
12,12,EXAIL TECHNOLOGIES,ratio_carnet_ca_perimetre,Exail Technologies,2026-08-12,Exail Technologies,metadonnee_perimetre,,SRC0048,https://www.exail-technologies.com/fr/resultats-annuels-2025-forte-amelioration-des-resultats-et-des-flux-de-tresorerie/,A2 - source primaire corporate,documente,
12,12,EXAIL TECHNOLOGIES,marge_pct,21.5,2026-08-12,Marge EBITDA courant,publie_ou_calcule_selon_publication,,SRC0048,https://www.exail-technologies.com/fr/resultats-annuels-2025-forte-amelioration-des-resultats-et-des-flux-de-tresorerie/,A2 - source primaire corporate,documente,
12,12,EXAIL TECHNOLOGIES,marge_type,Marge EBITDA courant,2026-08-12,groupe / entité selon libellé,publie,,SRC0048,https://www.exail-technologies.com/fr/resultats-annuels-2025-forte-amelioration-des-resultats-et-des-flux-de-tresorerie/,A2 - source primaire corporate,documente,
12,12,EXAIL TECHNOLOGIES,ca_defense_label,"Non communiqué séparément. Chiffre d’affaires groupe 479 M€ en 2025, avec une forte contribution des activités de robotique maritime et navigation utilisées sur marchés civils et militaires.",2025,groupe / entité selon libellé,publie,,SRC0048,https://www.exail-technologies.com/fr/resultats-annuels-2025-forte-amelioration-des-resultats-et-des-flux-de-tresorerie/,A2 - source primaire corporate,documente_avec_limite_perimetre,"Une valeur est publiée, mais un sous-périmètre associé est explicitement non communiqué ; conserver cette nuance dans l’interface."
12,12,EXAIL TECHNOLOGIES,carnet_commandes_label,"CA 2025 environ 479 M€, commandes 844 M€, carnet autour de 1,1 Md€, EBITDA courant 103 M€.",2025,groupe / entité selon libellé,publie,,SRC0048,https://www.exail-technologies.com/fr/resultats-annuels-2025-forte-amelioration-des-resultats-et-des-flux-de-tresorerie/,A2 - source primaire corporate,approximation_documentee,"Présenter comme ordre de grandeur, jamais comme valeur exacte."
12,12,EXAIL TECHNOLOGIES,indicateurs_financiers_label,"Marge EBITDA courante : ~21,5 % ; Book-to-bill : ~1,76x ; Carnet / CA : ~2,30x ; Flux de trésorerie d’exploitation 2025 : >100 M€",2025,groupe / entité selon libellé,publie,,SRC0048,https://www.exail-technologies.com/fr/resultats-annuels-2025-forte-amelioration-des-resultats-et-des-flux-de-tresorerie/,A2 - source primaire corporate,approximation_documentee,"Présenter comme ordre de grandeur, jamais comme valeur exacte."
12,12,EXAIL TECHNOLOGIES,actionnariat,"Au 30 mars 2026, la famille Gorgé contrôlait Exail avec 41,4 % du capital et 56,3 % des droits de vote. Le 6 juillet 2026, Thales a signé un accord pour acquérir la participation combinée de la famille Gorgé (35,51 %) et lancer une OPA obligatoire visant 100 % : au 12 août 2026, l’actionnariat est donc en phase de transaction, sous réserve des conditions/autorisation nécessaires.",2026,capital / contrôle,publie / synthèse actionnariale,,SRC0046,https://www.exail-technologies.com/,A2 - source primaire corporate,documente,
12,12,EXAIL TECHNOLOGIES,programmes,"SLAM-F / guerre des mines du futur et systèmes MMCM/rMCM, drones DriX, véhicules sous-marins autonomes, centrales inertielles pour bâtiments de combat et sous-marins.",2026-08-12,groupe / entité selon libellé,synthese_documentaire,,SRC0046,https://www.exail-technologies.com/,A2 - source primaire corporate,documente,
12,12,EXAIL TECHNOLOGIES,code_ape,Pour l’entité opérationnelle Exail de navigation : 26.51A – Fabrication d’équipements d’aide à la navigation ; la holding Exail Technologies relève d’un code financier.,2026-08-12,"entité juridique de référence, pas nécessairement tout le groupe",registre_public / synthèse,,SRC0001,https://www.data.gouv.fr/datasets/base-sirene-des-entreprises-et-de-leurs-etablissements-siren-siret,A1 - registre public officiel,documente,
12,12,EXAIL TECHNOLOGIES,site_web,https://www.exail-technologies.com/,2026-08-12,groupe / entité selon libellé,metadonnee,,SRC0004,,M - méthode interne,documente,
12,12,EXAIL TECHNOLOGIES,source_principale,https://www.exail-technologies.com/,2026-08-12,groupe / entité selon libellé,metadonnee,,SRC0004,,M - méthode interne,documente,
12,12,EXAIL TECHNOLOGIES,source_implantations,https://jobs.exail.com/,2026-08-12,groupe / entité selon libellé,metadonnee,,SRC0004,,M - méthode interne,documente,
12,12,EXAIL TECHNOLOGIES,source_coordonnees,https://www.data.gouv.fr/datasets/communes-et-villes-de-france-en-csv-excel-json-parquet-et-feather,2026-08-12,groupe / entité selon libellé,metadonnee,,SRC0004,,M - méthode interne,documente,
12,12,EXAIL TECHNOLOGIES,perimetre_cartographique,"Implantations françaises industrielles, R&D, MCO, essais et fonctions centrales publiquement identifiables ; ce fichier ne vise pas à reproduire chaque SIRET administratif ou micro-bureau commercial.",2026-08-12,groupe / entité selon libellé,metadonnee,,SRC0004,,M - méthode interne,documente,
12,12,EXAIL TECHNOLOGIES,date_reference,2026-08-12,2026,groupe / entité selon libellé,metadonnee,,SRC0004,,M - méthode interne,documente,
12,12,EXAIL TECHNOLOGIES,nb_sites_referentiel_initial,5,2026-08-12,référentiel dashboard,calcule_referentiel,,SRC0004,,M - méthode interne,documente,
12,12,EXAIL TECHNOLOGIES,nb_lignes_sirene_actives,3,2026-08-12,référentiel dashboard,calcule_referentiel,nombre de lignes rattachées à un établissement SIRENE actif,SRC0004,,M - méthode interne,documente,
12,12,EXAIL TECHNOLOGIES,nb_nouveaux_etablissements_sirene,1,2026-08-12,référentiel dashboard,calcule_referentiel,nombre de lignes origine_ajout = SIRENE,SRC0004,,M - méthode interne,documente,
12,12,EXAIL TECHNOLOGIES,nb_sirene_sans_signe_bitd,1,2026-08-12,référentiel dashboard,calcule_referentiel,,SRC0004,,M - méthode interne,documente,
12,12,EXAIL TECHNOLOGIES,nb_sirene_a_confirmer,0,2026-08-12,référentiel dashboard,calcule_referentiel,,SRC0004,,M - méthode interne,documente,
12,12,EXAIL TECHNOLOGIES,nb_etablissements_v2_total,6,2026-08-12,référentiel dashboard,calcule_referentiel,nombre total de lignes de l’entreprise dans etablissements.csv V2,SRC0004,,M - méthode interne,documente,
12,12,EXAIL TECHNOLOGIES,nb_etablissements_affiches_par_defaut,5,2026-08-12,référentiel dashboard,calcule_referentiel,nombre de lignes avec affichage_carte_defaut = true,SRC0004,,M - méthode interne,documente,
12,12,EXAIL TECHNOLOGIES,couverture_sirene_v2,établissements SIRENE actifs des unités légales opérationnelles identifiées et documentées dans cette V2 ; ne prétend pas couvrir toutes les filiales juridiques du groupe,2026-08-12,référentiel dashboard,calcule_referentiel,,SRC0004,,M - méthode interne,documente,
13,13,EXOSENS,id,13,2026-08-12,groupe / entité selon libellé,synthese_documentaire,,SRC0050,https://www.exosens.com/,A2 - source primaire corporate,documente,
13,13,EXOSENS,slug,exosens,2026-08-12,groupe / entité selon libellé,synthese_documentaire,,SRC0050,https://www.exosens.com/,A2 - source primaire corporate,documente,
13,13,EXOSENS,entreprise,EXOSENS,2026-08-12,groupe / entité selon libellé,synthese_documentaire,,SRC0050,https://www.exosens.com/,A2 - source primaire corporate,documente,
13,13,EXOSENS,categorie,Équipementier / acteur technologique stratégique,2026-08-12,groupe / entité selon libellé,synthese_documentaire,,SRC0050,https://www.exosens.com/,A2 - source primaire corporate,documente,
13,13,EXOSENS,secteur_principal,Photonique & optronique,2026-08-12,groupe / entité selon libellé,synthese_documentaire,,SRC0050,https://www.exosens.com/,A2 - source primaire corporate,documente,
13,13,EXOSENS,specialite,"Vision nocturne, intensification d’image, capteurs et photonique de défense",2026-08-12,groupe / entité selon libellé,synthese_documentaire,,SRC0050,https://www.exosens.com/,A2 - source primaire corporate,documente,
13,13,EXOSENS,secteurs,"Vision nocturne, photonique, intensification d’image, capteurs infrarouges et scientifiques, imagerie avancée.",2026-08-12,groupe / entité selon libellé,synthese_documentaire,,SRC0050,https://www.exosens.com/,A2 - source primaire corporate,documente,
13,13,EXOSENS,description,"Exosens est un spécialiste français des technologies d’amplification, de détection et d’imagerie, issu notamment de Photonis. Ses tubes intensificateurs de lumière, caméras et capteurs servent la vision nocturne, la surveillance, l’optronique et la détection pour les forces armées et les industriels de systèmes. Avec une part de chiffre d’affaires très élevée en Défense & Surveillance, le groupe constitue un fournisseur souverain de composants photoniques critiques.",2026-08-12,groupe / entité selon libellé,synthese_documentaire,,SRC0050,https://www.exosens.com/,A2 - source primaire corporate,documente,
13,13,EXOSENS,siege_ville,Mérignac,2026-08-12,France / périmètre corporate indiqué,publie,,SRC0050,https://www.exosens.com/,A2 - source primaire corporate,documente,
13,13,EXOSENS,siege_departement,Gironde,2026-08-12,France / périmètre corporate indiqué,publie,,SRC0050,https://www.exosens.com/,A2 - source primaire corporate,documente,
13,13,EXOSENS,siege_region,Nouvelle-Aquitaine,2026-08-12,France / périmètre corporate indiqué,publie,,SRC0050,https://www.exosens.com/,A2 - source primaire corporate,documente,
13,13,EXOSENS,siege_latitude,44.832,2026-08-12,commune du siège,geocode_centre_commune,,SRC0003,https://www.data.gouv.fr/datasets/communes-et-villes-de-france-en-csv-excel-json-parquet-et-feather,A1 - registre public officiel,documente,
13,13,EXOSENS,siege_longitude,-0.682,2026-08-12,commune du siège,geocode_centre_commune,,SRC0003,https://www.data.gouv.fr/datasets/communes-et-villes-de-france-en-csv-excel-json-parquet-et-feather,A1 - registre public officiel,documente,
13,13,EXOSENS,effectif_label,Plus de 2 000 collaborateurs dans le monde ; effectif défense non isolé.,2026-08-12,groupe / entité selon libellé,publie,,SRC0053,https://www.exosens.com/news/full-year-2025-results,A2 - source primaire corporate,documente,
13,13,EXOSENS,nb_etablissements_france_public_label,12 sites de R&D et de production dans le monde ; le nombre strictement français n’est pas consolidé publiquement dans le chiffre-clé groupe.,2026-08-12,France / périmètre corporate indiqué,publie,,SRC0050,https://www.exosens.com/,A2 - source primaire corporate,documente,
13,13,EXOSENS,nb_sites_cartographies,3,2026-08-12,référentiel dashboard,calcule_referentiel,nombre de lignes/sites du référentiel initial pour l’entreprise,SRC0004,,M - méthode interne,documente,
13,13,EXOSENS,nb_regions_cartographiees,2,2026-08-12,référentiel dashboard,calcule_referentiel,nombre de régions distinctes parmi les sites cartographiés,SRC0004,,M - méthode interne,documente,
13,13,EXOSENS,couverture_cartographique,3 sites cartographiés; total public comparable n.c.,2026-08-12,référentiel dashboard,calcule_referentiel,nb_sites_cartographies / nb_etablissements_france_public lorsque le dénominateur est comparable,SRC0004,,M - méthode interne,documente,
13,13,EXOSENS,statut_couverture,sites_publics_identifies_non_exhaustivite_juridique,2026-08-12,référentiel dashboard,calcule_referentiel,,SRC0004,,M - méthode interne,documente,
13,13,EXOSENS,marge_pct,32.4,2026-08-12,Marge EBITDA ajustée,publie_ou_calcule_selon_publication,,SRC0053,https://www.exosens.com/news/full-year-2025-results,A2 - source primaire corporate,documente,
13,13,EXOSENS,marge_type,Marge EBITDA ajustée,2026-08-12,groupe / entité selon libellé,publie,,SRC0053,https://www.exosens.com/news/full-year-2025-results,A2 - source primaire corporate,documente,
13,13,EXOSENS,ca_defense_label,"Environ 351 M€ en 2025, calculés à partir de 75 % de Défense & Surveillance sur un CA groupe de 468,2 M€.",2025,groupe / entité selon libellé,publie,,SRC0053,https://www.exosens.com/news/full-year-2025-results,A2 - source primaire corporate,approximation_documentee,"Présenter comme ordre de grandeur, jamais comme valeur exacte."
13,13,EXOSENS,carnet_commandes_label,"CA 2025 468,2 M€, EBITDA ajusté 151,6 M€, dette nette 197,7 M€. Le carnet n’est pas publié sous une forme directement comparable, mais la société a sécurisé de gros contrats pluriannuels de vision nocturne.",2025,groupe / entité selon libellé,publie,,SRC0053,https://www.exosens.com/news/full-year-2025-results,A2 - source primaire corporate,documente,
13,13,EXOSENS,indicateurs_financiers_label,"Marge EBITDA ajustée : 32,4 % ; Dette nette / EBITDA ajusté : 1,3x ; Défense & Surveillance : ~75 % du CA ; Résultat net activités poursuivies : 70,2 M€",2026-08-12,groupe / entité selon libellé,publie,,SRC0053,https://www.exosens.com/news/full-year-2025-results,A2 - source primaire corporate,approximation_documentee,"Présenter comme ordre de grandeur, jamais comme valeur exacte."
13,13,EXOSENS,actionnariat,"Au 14 juin 2026 : HLD 17,94 %, Theon International 9,77 %, Bpifrance Participations 7,22 %, autodétention 0,51 %, public 64,56 %. HLD reste le premier actionnaire, Bpifrance apporte un ancrage public stratégique.",2026,capital / contrôle,publie / synthèse actionnariale,,SRC0051,https://www.exosens.com/fr/investors/shareholding,A2 - source primaire corporate,documente,
13,13,EXOSENS,programmes,"Équipements de vision nocturne du combattant, optronique pour plateformes, surveillance longue portée et capteurs pour lutte anti-drones et systèmes de sécurité.",2026-08-12,groupe / entité selon libellé,synthese_documentaire,,SRC0050,https://www.exosens.com/,A2 - source primaire corporate,documente,
13,13,EXOSENS,code_ape,"Le groupe recouvre plusieurs entités ; pour les activités photoniques opérationnelles, les codes relèvent notamment de 26.70Z – Fabrication de matériels optique et photographique selon l’entité. La holding peut relever d’un code financier.",2026-08-12,"entité juridique de référence, pas nécessairement tout le groupe",registre_public / synthèse,,SRC0001,https://www.data.gouv.fr/datasets/base-sirene-des-entreprises-et-de-leurs-etablissements-siren-siret,A1 - registre public officiel,documente,
13,13,EXOSENS,site_web,https://www.exosens.com/,2026-08-12,groupe / entité selon libellé,metadonnee,,SRC0004,,M - méthode interne,documente,
13,13,EXOSENS,source_principale,https://www.exosens.com/,2026-08-12,groupe / entité selon libellé,metadonnee,,SRC0004,,M - méthode interne,documente,
13,13,EXOSENS,source_implantations,https://www.exosens.com/,2026-08-12,groupe / entité selon libellé,metadonnee,,SRC0004,,M - méthode interne,documente,
13,13,EXOSENS,source_coordonnees,https://www.data.gouv.fr/datasets/communes-et-villes-de-france-en-csv-excel-json-parquet-et-feather,2026-08-12,groupe / entité selon libellé,metadonnee,,SRC0004,,M - méthode interne,documente,
13,13,EXOSENS,perimetre_cartographique,"Implantations françaises industrielles, R&D, MCO, essais et fonctions centrales publiquement identifiables ; ce fichier ne vise pas à reproduire chaque SIRET administratif ou micro-bureau commercial.",2026-08-12,groupe / entité selon libellé,metadonnee,,SRC0004,,M - méthode interne,documente,
13,13,EXOSENS,date_reference,2026-08-12,2026,groupe / entité selon libellé,metadonnee,,SRC0004,,M - méthode interne,documente,
13,13,EXOSENS,nb_sites_referentiel_initial,3,2026-08-12,référentiel dashboard,calcule_referentiel,,SRC0004,,M - méthode interne,documente,
13,13,EXOSENS,nb_lignes_sirene_actives,4,2026-08-12,référentiel dashboard,calcule_referentiel,nombre de lignes rattachées à un établissement SIRENE actif,SRC0004,,M - méthode interne,documente,
13,13,EXOSENS,nb_nouveaux_etablissements_sirene,1,2026-08-12,référentiel dashboard,calcule_referentiel,nombre de lignes origine_ajout = SIRENE,SRC0004,,M - méthode interne,documente,
13,13,EXOSENS,nb_sirene_sans_signe_bitd,0,2026-08-12,référentiel dashboard,calcule_referentiel,,SRC0004,,M - méthode interne,documente,
13,13,EXOSENS,nb_sirene_a_confirmer,0,2026-08-12,référentiel dashboard,calcule_referentiel,,SRC0004,,M - méthode interne,documente,
13,13,EXOSENS,nb_etablissements_v2_total,4,2026-08-12,référentiel dashboard,calcule_referentiel,nombre total de lignes de l’entreprise dans etablissements.csv V2,SRC0004,,M - méthode interne,documente,
13,13,EXOSENS,nb_etablissements_affiches_par_defaut,2,2026-08-12,référentiel dashboard,calcule_referentiel,nombre de lignes avec affichage_carte_defaut = true,SRC0004,,M - méthode interne,documente,
13,13,EXOSENS,couverture_sirene_v2,établissements SIRENE actifs des unités légales opérationnelles identifiées et documentées dans cette V2 ; ne prétend pas couvrir toutes les filiales juridiques du groupe,2026-08-12,référentiel dashboard,calcule_referentiel,,SRC0004,,M - méthode interne,documente,
14,14,EURENCO,id,14,2026-08-12,groupe / entité selon libellé,synthese_documentaire,,SRC0054,https://eurenco.com/,A2 - source primaire corporate,documente,
14,14,EURENCO,slug,eurenco,2026-08-12,groupe / entité selon libellé,synthese_documentaire,,SRC0054,https://eurenco.com/,A2 - source primaire corporate,documente,
14,14,EURENCO,entreprise,EURENCO,2026-08-12,groupe / entité selon libellé,synthese_documentaire,,SRC0054,https://eurenco.com/,A2 - source primaire corporate,documente,
14,14,EURENCO,categorie,Équipementier / acteur technologique stratégique,2026-08-12,groupe / entité selon libellé,synthese_documentaire,,SRC0054,https://eurenco.com/,A2 - source primaire corporate,documente,
14,14,EURENCO,secteur_principal,Munitions & énergétiques,2026-08-12,groupe / entité selon libellé,synthese_documentaire,,SRC0054,https://eurenco.com/,A2 - source primaire corporate,documente,
14,14,EURENCO,specialite,"Poudres, explosifs et charges propulsives pour munitions",2026-08-12,groupe / entité selon libellé,synthese_documentaire,,SRC0054,https://eurenco.com/,A2 - source primaire corporate,documente,
14,14,EURENCO,secteurs,"Munitions, poudres, explosifs, charges modulaires, matériaux énergétiques et propulsion.",2026-08-12,groupe / entité selon libellé,synthese_documentaire,,SRC0054,https://eurenco.com/,A2 - source primaire corporate,documente,
14,14,EURENCO,description,"Eurenco est l’un des principaux acteurs européens des poudres, explosifs et matériaux énergétiques pour munitions. En France, ses sites de Sorgues et Bergerac sont au cœur de la remontée en cadence des munitions de gros calibre, notamment pour l’artillerie de 155 mm. Sa capacité à produire poudres et charges propulsives constitue une brique souveraine indispensable à l’économie de guerre et à la sécurité d’approvisionnement des armées.",2026-08-12,groupe / entité selon libellé,synthese_documentaire,,SRC0054,https://eurenco.com/,A2 - source primaire corporate,documente,
14,14,EURENCO,siege_ville,Sorgues,2026-08-12,France / périmètre corporate indiqué,publie,,SRC0055,https://eurenco.com/fr/contact/,A2 - source primaire corporate,documente,
14,14,EURENCO,siege_departement,Vaucluse,2026-08-12,France / périmètre corporate indiqué,publie,,SRC0055,https://eurenco.com/fr/contact/,A2 - source primaire corporate,documente,
14,14,EURENCO,siege_region,Provence-Alpes-Côte d'Azur,2026-08-12,France / périmètre corporate indiqué,publie,,SRC0055,https://eurenco.com/fr/contact/,A2 - source primaire corporate,documente,
14,14,EURENCO,siege_latitude,44.015,2026-08-12,commune du siège,geocode_centre_commune,,SRC0003,https://www.data.gouv.fr/datasets/communes-et-villes-de-france-en-csv-excel-json-parquet-et-feather,A1 - registre public officiel,documente,
14,14,EURENCO,siege_longitude,4.867,2026-08-12,commune du siège,geocode_centre_commune,,SRC0003,https://www.data.gouv.fr/datasets/communes-et-villes-de-france-en-csv-excel-json-parquet-et-feather,A1 - registre public officiel,documente,
14,14,EURENCO,effectif_label,Plus de 1 400 collaborateurs au niveau groupe ; environ 1 000 en France selon les ordres de grandeur publics récents.,2026-08-12,groupe / entité selon libellé,publie,,SRC0054,https://eurenco.com/,A2 - source primaire corporate,approximation_documentee,"Présenter comme ordre de grandeur, jamais comme valeur exacte."
14,14,EURENCO,nb_etablissements_france_public_label,2 grands sites industriels en France pour Eurenco France.,2026-08-12,France / périmètre corporate indiqué,publie,,SRC0055,https://eurenco.com/fr/contact/,A2 - source primaire corporate,documente,
14,14,EURENCO,nb_sites_cartographies,3,2026-08-12,référentiel dashboard,calcule_referentiel,nombre de lignes/sites du référentiel initial pour l’entreprise,SRC0004,,M - méthode interne,documente,
14,14,EURENCO,nb_regions_cartographiees,2,2026-08-12,référentiel dashboard,calcule_referentiel,nombre de régions distinctes parmi les sites cartographiés,SRC0004,,M - méthode interne,documente,
14,14,EURENCO,couverture_cartographique,3 sites cartographiés; total public comparable n.c.,2026-08-12,référentiel dashboard,calcule_referentiel,nb_sites_cartographies / nb_etablissements_france_public lorsque le dénominateur est comparable,SRC0004,,M - méthode interne,documente,
14,14,EURENCO,statut_couverture,sites_publics_identifies_non_exhaustivite_juridique,2026-08-12,référentiel dashboard,calcule_referentiel,,SRC0004,,M - méthode interne,documente,
14,14,EURENCO,ca_defense_label,Activité très majoritairement défense. Les données publiques situent le CA groupe autour de 500 à 560 M€ sur la période 2024-2025 ; le montant exact 2025 consolidé n’est pas publié avec la même granularité que les sociétés cotées.,"2024,2025",groupe / entité selon libellé,publie,,SRC0054,https://eurenco.com/,A2 - source primaire corporate,documente,
14,14,EURENCO,carnet_commandes_label,"Le groupe ne publie pas de carnet financier standard détaillé. Des communications industrielles indiquent des capacités futures très largement réservées jusqu’à 2032 ; des sources publiques/sectorielles évoquent un carnet de plusieurs milliards d’euros, à manier comme ordre de grandeur plutôt que chiffre audité.",2032,groupe / entité selon libellé,publie,,SRC0054,https://eurenco.com/,A2 - source primaire corporate,approximation_documentee,"Présenter comme ordre de grandeur, jamais comme valeur exacte."
14,14,EURENCO,indicateurs_financiers_label,Part Défense : environ 80 % dans des sources parlementaires récentes ; Part export : ordre de grandeur ~75–80 % selon périodes/périmètres ; Ratios de marge/dette : n.c.,2026-08-12,groupe / entité selon libellé,publie,,SRC0054,https://eurenco.com/,A2 - source primaire corporate,approximation_documentee,"Présenter comme ordre de grandeur, jamais comme valeur exacte."
14,14,EURENCO,actionnariat,Entreprise sous contrôle public français via SNPE/État ; elle appartient au périmètre stratégique suivi par l’Agence des participations de l’État. La structure détaillée est essentiellement publique.,2026-08-12,capital / contrôle,publie / synthèse actionnariale,,SRC0018,https://www.economie.gouv.fr/agence-participations-etat/comprendre-lape/les-entreprises-de-lape,A1 - source publique institutionnelle,documente,
14,14,EURENCO,programmes,"Montée en cadence des munitions de 155 mm / CAESAR, charges modulaires, poudres de petit à gros calibre et matériaux énergétiques pour missiles et systèmes stratégiques.",2026-08-12,groupe / entité selon libellé,synthese_documentaire,,SRC0054,https://eurenco.com/,A2 - source primaire corporate,documente,
14,14,EURENCO,code_ape,20.51Z – Fabrication de produits explosifs pour Eurenco France.,2026-08-12,"entité juridique de référence, pas nécessairement tout le groupe",registre_public / synthèse,,SRC0001,https://www.data.gouv.fr/datasets/base-sirene-des-entreprises-et-de-leurs-etablissements-siren-siret,A1 - registre public officiel,documente,
14,14,EURENCO,site_web,https://eurenco.com/,2026-08-12,groupe / entité selon libellé,metadonnee,,SRC0004,,M - méthode interne,documente,
14,14,EURENCO,source_principale,https://eurenco.com/,2026-08-12,groupe / entité selon libellé,metadonnee,,SRC0004,,M - méthode interne,documente,
14,14,EURENCO,source_implantations,https://eurenco.com/fr/contact/,2026-08-12,groupe / entité selon libellé,metadonnee,,SRC0004,,M - méthode interne,documente,
14,14,EURENCO,source_coordonnees,https://www.data.gouv.fr/datasets/communes-et-villes-de-france-en-csv-excel-json-parquet-et-feather,2026-08-12,groupe / entité selon libellé,metadonnee,,SRC0004,,M - méthode interne,documente,
14,14,EURENCO,perimetre_cartographique,"Implantations françaises industrielles, R&D, MCO, essais et fonctions centrales publiquement identifiables ; ce fichier ne vise pas à reproduire chaque SIRET administratif ou micro-bureau commercial.",2026-08-12,groupe / entité selon libellé,metadonnee,,SRC0004,,M - méthode interne,documente,
14,14,EURENCO,date_reference,2026-08-12,2026,groupe / entité selon libellé,metadonnee,,SRC0004,,M - méthode interne,documente,
14,14,EURENCO,nb_sites_referentiel_initial,3,2026-08-12,référentiel dashboard,calcule_referentiel,,SRC0004,,M - méthode interne,documente,
14,14,EURENCO,nb_lignes_sirene_actives,8,2026-08-12,référentiel dashboard,calcule_referentiel,nombre de lignes rattachées à un établissement SIRENE actif,SRC0004,,M - méthode interne,documente,
14,14,EURENCO,nb_nouveaux_etablissements_sirene,5,2026-08-12,référentiel dashboard,calcule_referentiel,nombre de lignes origine_ajout = SIRENE,SRC0004,,M - méthode interne,documente,
14,14,EURENCO,nb_sirene_sans_signe_bitd,1,2026-08-12,référentiel dashboard,calcule_referentiel,,SRC0004,,M - méthode interne,documente,
14,14,EURENCO,nb_sirene_a_confirmer,2,2026-08-12,référentiel dashboard,calcule_referentiel,,SRC0004,,M - méthode interne,documente,
14,14,EURENCO,nb_etablissements_v2_total,8,2026-08-12,référentiel dashboard,calcule_referentiel,nombre total de lignes de l’entreprise dans etablissements.csv V2,SRC0004,,M - méthode interne,documente,
14,14,EURENCO,nb_etablissements_affiches_par_defaut,7,2026-08-12,référentiel dashboard,calcule_referentiel,nombre de lignes avec affichage_carte_defaut = true,SRC0004,,M - méthode interne,documente,
14,14,EURENCO,couverture_sirene_v2,établissements SIRENE actifs des unités légales opérationnelles identifiées et documentées dans cette V2 ; ne prétend pas couvrir toutes les filiales juridiques du groupe,2026-08-12,référentiel dashboard,calcule_referentiel,,SRC0004,,M - méthode interne,documente,
15,15,ROXEL,id,15,2026-08-12,groupe / entité selon libellé,synthese_documentaire,,SRC0057,https://www.roxelgroup.com/,A2 - source primaire corporate,documente,
15,15,ROXEL,slug,roxel,2026-08-12,groupe / entité selon libellé,synthese_documentaire,,SRC0057,https://www.roxelgroup.com/,A2 - source primaire corporate,documente,
15,15,ROXEL,entreprise,ROXEL,2026-08-12,groupe / entité selon libellé,synthese_documentaire,,SRC0057,https://www.roxelgroup.com/,A2 - source primaire corporate,documente,
15,15,ROXEL,categorie,Équipementier / acteur technologique stratégique,2026-08-12,groupe / entité selon libellé,synthese_documentaire,,SRC0057,https://www.roxelgroup.com/,A2 - source primaire corporate,documente,
15,15,ROXEL,secteur_principal,Missiles & propulsion,2026-08-12,groupe / entité selon libellé,synthese_documentaire,,SRC0057,https://www.roxelgroup.com/,A2 - source primaire corporate,documente,
15,15,ROXEL,specialite,Propulsion solide pour missiles tactiques et de défense aérienne,2026-08-12,groupe / entité selon libellé,synthese_documentaire,,SRC0057,https://www.roxelgroup.com/,A2 - source primaire corporate,documente,
15,15,ROXEL,secteurs,"Propulsion de missiles, matériaux énergétiques, moteurs-fusées tactiques, pyrotechnie.",2026-08-12,groupe / entité selon libellé,synthese_documentaire,,SRC0057,https://www.roxelgroup.com/,A2 - source primaire corporate,documente,
15,15,ROXEL,description,"Roxel est un motoriste de missiles spécialisé dans la propulsion solide et les systèmes propulsifs tactiques. Désormais détenu à 100 % par MBDA, il conserve en France des compétences industrielles critiques en matériaux énergétiques, moteurs et intégration pyrotechnique. Ses produits se retrouvent au cœur de nombreux missiles français et européens, ce qui en fait un maillon souverain de la filière munitions-missiles.",2026-08-12,groupe / entité selon libellé,synthese_documentaire,,SRC0057,https://www.roxelgroup.com/,A2 - source primaire corporate,documente,
15,15,ROXEL,siege_ville,Le Plessis-Robinson,2026-08-12,France / périmètre corporate indiqué,publie,,SRC0058,https://www.roxelgroup.com/,A2 - source primaire corporate,documente,
15,15,ROXEL,siege_departement,Hauts-de-Seine,2026-08-12,France / périmètre corporate indiqué,publie,,SRC0058,https://www.roxelgroup.com/,A2 - source primaire corporate,documente,
15,15,ROXEL,siege_region,Île-de-France,2026-08-12,France / périmètre corporate indiqué,publie,,SRC0058,https://www.roxelgroup.com/,A2 - source primaire corporate,documente,
15,15,ROXEL,siege_latitude,48.78,2026-08-12,commune du siège,geocode_centre_commune,,SRC0003,https://www.data.gouv.fr/datasets/communes-et-villes-de-france-en-csv-excel-json-parquet-et-feather,A1 - registre public officiel,documente,
15,15,ROXEL,siege_longitude,2.261,2026-08-12,commune du siège,geocode_centre_commune,,SRC0003,https://www.data.gouv.fr/datasets/communes-et-villes-de-france-en-csv-excel-json-parquet-et-feather,A1 - registre public officiel,documente,
15,15,ROXEL,effectif_label,Environ 1 100 collaborateurs au niveau groupe ; activité quasi intégralement défense.,2026-08-12,groupe / entité selon libellé,publie,,SRC0057,https://www.roxelgroup.com/,A2 - source primaire corporate,approximation_documentee,"Présenter comme ordre de grandeur, jamais comme valeur exacte."
15,15,ROXEL,nb_etablissements_france_public,4,2026-08-12,France / périmètre corporate indiqué,publie,,SRC0058,https://www.roxelgroup.com/,A2 - source primaire corporate,documente,
15,15,ROXEL,nb_etablissements_france_public_label,4 implantations Roxel en France (siège groupe + 3 sites français),2026-08-12,France / périmètre corporate indiqué,publie,,SRC0058,https://www.roxelgroup.com/,A2 - source primaire corporate,documente,
15,15,ROXEL,nb_sites_cartographies,4,2026-08-12,référentiel dashboard,calcule_referentiel,nombre de lignes/sites du référentiel initial pour l’entreprise,SRC0004,,M - méthode interne,documente,
15,15,ROXEL,nb_regions_cartographiees,3,2026-08-12,référentiel dashboard,calcule_referentiel,nombre de régions distinctes parmi les sites cartographiés,SRC0004,,M - méthode interne,documente,
15,15,ROXEL,couverture_cartographique,4/4 (100%),2026-08-12,référentiel dashboard,calcule_referentiel,nb_sites_cartographies / nb_etablissements_france_public lorsque le dénominateur est comparable,SRC0004,,M - méthode interne,documente,
15,15,ROXEL,statut_couverture,couverture_complete,2026-08-12,référentiel dashboard,calcule_referentiel,,SRC0004,,M - méthode interne,documente,
15,15,ROXEL,ca_defense_label,"Environ 200 M€ de CA en 2024, quasi totalement défense ; l’entreprise visait une trajectoire proche de 300 M€ à l’horizon 2026, objectif à distinguer d’un réalisé audité.","2024,2026",groupe / entité selon libellé,publie,,SRC0057,https://www.roxelgroup.com/,A2 - source primaire corporate,approximation_documentee,"Présenter comme ordre de grandeur, jamais comme valeur exacte."
15,15,ROXEL,carnet_commandes_label,"Carnet non communiqué. Le CA est passé d’environ 200 M€ en 2024 vers un objectif/ordre de grandeur d’environ 300 M€ en 2026, illustrant la montée en cadence.","2024,2026",groupe / entité selon libellé,publie,,SRC0057,https://www.roxelgroup.com/,A2 - source primaire corporate,documente_avec_limite_perimetre,"Une valeur est publiée, mais un sous-périmètre associé est explicitement non communiqué ; conserver cette nuance dans l’interface."
15,15,ROXEL,indicateurs_financiers_label,"CA 2024 : ~200 M€ ; CA 2026 visé/annoncé : ~300 M€ ; Marge, levier et carnet : n.c.","2024,2026",groupe / entité selon libellé,publie,,SRC0057,https://www.roxelgroup.com/,A2 - source primaire corporate,projection à distinguer,"Le passage vers ~300 M€ est un objectif/ordre de grandeur annoncé, pas un CA réalisé au même titre que le CA 2024. Afficher distinctement Réalisé vs Objectif/Projection et dater la cible."
15,15,ROXEL,actionnariat,"Depuis décembre 2024, MBDA détient 100 % de Roxel, renforçant l’intégration de la propulsion tactique au sein du missile house européen.",2024,capital / contrôle,publie / synthèse actionnariale,,SRC0057,https://www.roxelgroup.com/,A2 - source primaire corporate,documente,
15,15,ROXEL,programmes,"Propulseurs pour familles MICA, Aster, Exocet, Akeron et autres missiles MBDA ; montée en cadence liée au réarmement européen.",2026-08-12,groupe / entité selon libellé,synthese_documentaire,,SRC0057,https://www.roxelgroup.com/,A2 - source primaire corporate,documente,
15,15,ROXEL,code_ape,30.30Z – Construction aéronautique et spatiale pour Roxel France.,2026-08-12,"entité juridique de référence, pas nécessairement tout le groupe",registre_public / synthèse,,SRC0001,https://www.data.gouv.fr/datasets/base-sirene-des-entreprises-et-de-leurs-etablissements-siren-siret,A1 - registre public officiel,documente,
15,15,ROXEL,site_web,https://www.roxelgroup.com/,2026-08-12,groupe / entité selon libellé,metadonnee,,SRC0004,,M - méthode interne,documente,
15,15,ROXEL,source_principale,https://www.roxelgroup.com/,2026-08-12,groupe / entité selon libellé,metadonnee,,SRC0004,,M - méthode interne,documente,
15,15,ROXEL,source_implantations,https://www.roxelgroup.com/,2026-08-12,groupe / entité selon libellé,metadonnee,,SRC0004,,M - méthode interne,documente,
15,15,ROXEL,source_coordonnees,https://www.data.gouv.fr/datasets/communes-et-villes-de-france-en-csv-excel-json-parquet-et-feather,2026-08-12,groupe / entité selon libellé,metadonnee,,SRC0004,,M - méthode interne,documente,
15,15,ROXEL,perimetre_cartographique,"Implantations françaises industrielles, R&D, MCO, essais et fonctions centrales publiquement identifiables ; ce fichier ne vise pas à reproduire chaque SIRET administratif ou micro-bureau commercial.",2026-08-12,groupe / entité selon libellé,metadonnee,,SRC0004,,M - méthode interne,documente,
15,15,ROXEL,date_reference,2026-08-12,2026,groupe / entité selon libellé,metadonnee,,SRC0004,,M - méthode interne,documente,
15,15,ROXEL,nb_sites_referentiel_initial,4,2026-08-12,référentiel dashboard,calcule_referentiel,,SRC0004,,M - méthode interne,documente,
15,15,ROXEL,nb_lignes_sirene_actives,5,2026-08-12,référentiel dashboard,calcule_referentiel,nombre de lignes rattachées à un établissement SIRENE actif,SRC0004,,M - méthode interne,documente,
15,15,ROXEL,nb_nouveaux_etablissements_sirene,1,2026-08-12,référentiel dashboard,calcule_referentiel,nombre de lignes origine_ajout = SIRENE,SRC0004,,M - méthode interne,documente,
15,15,ROXEL,nb_sirene_sans_signe_bitd,1,2026-08-12,référentiel dashboard,calcule_referentiel,,SRC0004,,M - méthode interne,documente,
15,15,ROXEL,nb_sirene_a_confirmer,0,2026-08-12,référentiel dashboard,calcule_referentiel,,SRC0004,,M - méthode interne,documente,
15,15,ROXEL,nb_etablissements_v2_total,5,2026-08-12,référentiel dashboard,calcule_referentiel,nombre total de lignes de l’entreprise dans etablissements.csv V2,SRC0004,,M - méthode interne,documente,
15,15,ROXEL,nb_etablissements_affiches_par_defaut,4,2026-08-12,référentiel dashboard,calcule_referentiel,nombre de lignes avec affichage_carte_defaut = true,SRC0004,,M - méthode interne,documente,
15,15,ROXEL,couverture_sirene_v2,établissements SIRENE actifs des unités légales opérationnelles identifiées et documentées dans cette V2 ; ne prétend pas couvrir toutes les filiales juridiques du groupe,2026-08-12,référentiel dashboard,calcule_referentiel,,SRC0004,,M - méthode interne,documente,
16,16,AUBERT & DUVAL,id,16,2026-08-12,groupe / entité selon libellé,synthese_documentaire,,SRC0059,https://www.aubertduval.com/,A2 - source primaire corporate,documente,
16,16,AUBERT & DUVAL,slug,aubert-duval,2026-08-12,groupe / entité selon libellé,synthese_documentaire,,SRC0059,https://www.aubertduval.com/,A2 - source primaire corporate,documente,
16,16,AUBERT & DUVAL,entreprise,AUBERT & DUVAL,2026-08-12,groupe / entité selon libellé,synthese_documentaire,,SRC0059,https://www.aubertduval.com/,A2 - source primaire corporate,documente,
16,16,AUBERT & DUVAL,categorie,Équipementier / acteur technologique stratégique,2026-08-12,groupe / entité selon libellé,synthese_documentaire,,SRC0059,https://www.aubertduval.com/,A2 - source primaire corporate,documente,
16,16,AUBERT & DUVAL,secteur_principal,Matériaux & métallurgie,2026-08-12,groupe / entité selon libellé,synthese_documentaire,,SRC0059,https://www.aubertduval.com/,A2 - source primaire corporate,documente,
16,16,AUBERT & DUVAL,specialite,"Alliages, métallurgie et pièces forgées critiques pour aéronautique et défense",2026-08-12,groupe / entité selon libellé,synthese_documentaire,,SRC0059,https://www.aubertduval.com/,A2 - source primaire corporate,documente,
16,16,AUBERT & DUVAL,secteurs,"Métallurgie, superalliages, aciers spéciaux, forge, poudres métalliques, pièces critiques.",2026-08-12,groupe / entité selon libellé,synthese_documentaire,,SRC0059,https://www.aubertduval.com/,A2 - source primaire corporate,documente,
16,16,AUBERT & DUVAL,description,"Aubert & Duval produit des alliages spéciaux, aciers haute performance, superalliages, pièces forgées et pièces métallurgiques critiques. Ses produits entrent dans les moteurs, trains d’atterrissage, structures aéronautiques, systèmes navals, missiles et équipements nucléaires. La maîtrise nationale de ces matériaux et procédés à forte barrière technologique est considérée comme stratégique pour réduire les dépendances étrangères dans les chaînes de défense.",2026-08-12,groupe / entité selon libellé,synthese_documentaire,,SRC0059,https://www.aubertduval.com/,A2 - source primaire corporate,documente,
16,16,AUBERT & DUVAL,siege_ville,Aubière,2026-08-12,France / périmètre corporate indiqué,publie,,SRC0060,https://www.aubertduval.com/groupe/presentation/,A2 - source primaire corporate,documente,
16,16,AUBERT & DUVAL,siege_departement,Puy-de-Dôme,2026-08-12,France / périmètre corporate indiqué,publie,,SRC0060,https://www.aubertduval.com/groupe/presentation/,A2 - source primaire corporate,documente,
16,16,AUBERT & DUVAL,siege_region,Auvergne-Rhône-Alpes,2026-08-12,France / périmètre corporate indiqué,publie,,SRC0060,https://www.aubertduval.com/groupe/presentation/,A2 - source primaire corporate,documente,
16,16,AUBERT & DUVAL,siege_latitude,45.751,2026-08-12,commune du siège,geocode_centre_commune,,SRC0003,https://www.data.gouv.fr/datasets/communes-et-villes-de-france-en-csv-excel-json-parquet-et-feather,A1 - registre public officiel,documente,
16,16,AUBERT & DUVAL,siege_longitude,3.126,2026-08-12,commune du siège,geocode_centre_commune,,SRC0003,https://www.data.gouv.fr/datasets/communes-et-villes-de-france-en-csv-excel-json-parquet-et-feather,A1 - registre public officiel,documente,
16,16,AUBERT & DUVAL,effectif_label,Environ 4 400 collaborateurs.,2026-08-12,groupe / entité selon libellé,publie,,SRC0059,https://www.aubertduval.com/,A2 - source primaire corporate,approximation_documentee,"Présenter comme ordre de grandeur, jamais comme valeur exacte."
16,16,AUBERT & DUVAL,nb_etablissements_france_public,10,2026-08-12,France / périmètre corporate indiqué,publie,,SRC0060,https://www.aubertduval.com/groupe/presentation/,A2 - source primaire corporate,documente,
16,16,AUBERT & DUVAL,nb_etablissements_france_public_label,10 sites France annoncés par Aubert & Duval,2026-08-12,France / périmètre corporate indiqué,publie,,SRC0060,https://www.aubertduval.com/groupe/presentation/,A2 - source primaire corporate,documente,
16,16,AUBERT & DUVAL,nb_sites_cartographies,9,2026-08-12,référentiel dashboard,calcule_referentiel,nombre de lignes/sites du référentiel initial pour l’entreprise,SRC0004,,M - méthode interne,documente,
16,16,AUBERT & DUVAL,nb_regions_cartographiees,3,2026-08-12,référentiel dashboard,calcule_referentiel,nombre de régions distinctes parmi les sites cartographiés,SRC0004,,M - méthode interne,documente,
16,16,AUBERT & DUVAL,couverture_cartographique,9/10 (90%),2026-08-12,référentiel dashboard,calcule_referentiel,nb_sites_cartographies / nb_etablissements_france_public lorsque le dénominateur est comparable,SRC0004,,M - méthode interne,documente,
16,16,AUBERT & DUVAL,statut_couverture,couverture_strategique_partielle,2026-08-12,référentiel dashboard,calcule_referentiel,,SRC0004,,M - méthode interne,documente,
16,16,AUBERT & DUVAL,ca_defense_label,"Non communiqué séparément. Chiffre d’affaires total récent d’environ 962 M€, réparti entre aéronautique, défense, énergie et autres marchés critiques.",2026-08-12,groupe / entité selon libellé,publie,,SRC0059,https://www.aubertduval.com/,A2 - source primaire corporate,documente_avec_limite_perimetre,"Une valeur est publiée, mais un sous-périmètre associé est explicitement non communiqué ; conserver cette nuance dans l’interface."
16,16,AUBERT & DUVAL,carnet_commandes_label,CA récent autour de 962 M€ ; carnet et rentabilité détaillée non communiqués publiquement de manière standard.,2026-08-12,groupe / entité selon libellé,publie,,SRC0059,https://www.aubertduval.com/,A2 - source primaire corporate,documente_avec_limite_perimetre,"Une valeur est publiée, mais un sous-périmètre associé est explicitement non communiqué ; conserver cette nuance dans l’interface."
16,16,AUBERT & DUVAL,indicateurs_financiers_label,CA : ~962 M€ ; Carnet/CA : n.c. ; Marge/levier : n.c.,2026-08-12,groupe / entité selon libellé,publie,,SRC0059,https://www.aubertduval.com/,A2 - source primaire corporate,approximation_documentee,"Présenter comme ordre de grandeur, jamais comme valeur exacte."
16,16,AUBERT & DUVAL,actionnariat,"Capital détenu à un tiers Airbus, un tiers Safran et un tiers Tikehau Capital. L’État français détient une action spécifique destinée à protéger les actifs et décisions stratégiques.",2026-08-12,capital / contrôle,publie / synthèse actionnariale,,SRC0018,https://www.economie.gouv.fr/agence-participations-etat/comprendre-lape/les-entreprises-de-lape,A1 - source publique institutionnelle,documente,
16,16,AUBERT & DUVAL,programmes,"Chaînes d’approvisionnement Rafale/M88, moteurs et structures aéronautiques, missiles, systèmes navals et nucléaires ; contribution transverse aux programmes de la LPM.",2026-08-12,groupe / entité selon libellé,synthese_documentaire,,SRC0059,https://www.aubertduval.com/,A2 - source primaire corporate,documente,
16,16,AUBERT & DUVAL,code_ape,"Code de l’entité industrielle à vérifier selon site ; activité principale classée dans la sidérurgie/métallurgie et fabrication d’alliages. Pour un usage de marché, privilégier le SIRET de l’établissement concerné plutôt qu’un code groupe unique.",2026-08-12,"entité juridique de référence, pas nécessairement tout le groupe",registre_public / synthèse,,SRC0001,https://www.data.gouv.fr/datasets/base-sirene-des-entreprises-et-de-leurs-etablissements-siren-siret,A1 - registre public officiel,documente,
16,16,AUBERT & DUVAL,site_web,https://www.aubertduval.com/,2026-08-12,groupe / entité selon libellé,metadonnee,,SRC0004,,M - méthode interne,documente,
16,16,AUBERT & DUVAL,source_principale,https://www.aubertduval.com/,2026-08-12,groupe / entité selon libellé,metadonnee,,SRC0004,,M - méthode interne,documente,
16,16,AUBERT & DUVAL,source_implantations,https://www.aubertduval.com/groupe/presentation/,2026-08-12,groupe / entité selon libellé,metadonnee,,SRC0004,,M - méthode interne,documente,
16,16,AUBERT & DUVAL,source_coordonnees,https://www.data.gouv.fr/datasets/communes-et-villes-de-france-en-csv-excel-json-parquet-et-feather,2026-08-12,groupe / entité selon libellé,metadonnee,,SRC0004,,M - méthode interne,documente,
16,16,AUBERT & DUVAL,perimetre_cartographique,"Implantations françaises industrielles, R&D, MCO, essais et fonctions centrales publiquement identifiables ; ce fichier ne vise pas à reproduire chaque SIRET administratif ou micro-bureau commercial.",2026-08-12,groupe / entité selon libellé,metadonnee,,SRC0004,,M - méthode interne,documente,
16,16,AUBERT & DUVAL,date_reference,2026-08-12,2026,groupe / entité selon libellé,metadonnee,,SRC0004,,M - méthode interne,documente,
16,16,AUBERT & DUVAL,nb_sites_referentiel_initial,9,2026-08-12,référentiel dashboard,calcule_referentiel,,SRC0004,,M - méthode interne,documente,
16,16,AUBERT & DUVAL,nb_lignes_sirene_actives,2,2026-08-12,référentiel dashboard,calcule_referentiel,nombre de lignes rattachées à un établissement SIRENE actif,SRC0004,,M - méthode interne,documente,
16,16,AUBERT & DUVAL,nb_nouveaux_etablissements_sirene,1,2026-08-12,référentiel dashboard,calcule_referentiel,nombre de lignes origine_ajout = SIRENE,SRC0004,,M - méthode interne,documente,
16,16,AUBERT & DUVAL,nb_sirene_sans_signe_bitd,0,2026-08-12,référentiel dashboard,calcule_referentiel,,SRC0004,,M - méthode interne,documente,
16,16,AUBERT & DUVAL,nb_sirene_a_confirmer,1,2026-08-12,référentiel dashboard,calcule_referentiel,,SRC0004,,M - méthode interne,documente,
16,16,AUBERT & DUVAL,nb_etablissements_v2_total,10,2026-08-12,référentiel dashboard,calcule_referentiel,nombre total de lignes de l’entreprise dans etablissements.csv V2,SRC0004,,M - méthode interne,documente,
16,16,AUBERT & DUVAL,nb_etablissements_affiches_par_defaut,10,2026-08-12,référentiel dashboard,calcule_referentiel,nombre de lignes avec affichage_carte_defaut = true,SRC0004,,M - méthode interne,documente,
16,16,AUBERT & DUVAL,couverture_sirene_v2,établissements SIRENE actifs des unités légales opérationnelles identifiées et documentées dans cette V2 ; ne prétend pas couvrir toutes les filiales juridiques du groupe,2026-08-12,référentiel dashboard,calcule_referentiel,,SRC0004,,M - méthode interne,documente,
17,17,DAHER,id,17,2026-08-12,groupe / entité selon libellé,synthese_documentaire,,SRC0061,https://www.daher.com/,A2 - source primaire corporate,documente,
17,17,DAHER,slug,daher,2026-08-12,groupe / entité selon libellé,synthese_documentaire,,SRC0061,https://www.daher.com/,A2 - source primaire corporate,documente,
17,17,DAHER,entreprise,DAHER,2026-08-12,groupe / entité selon libellé,synthese_documentaire,,SRC0061,https://www.daher.com/,A2 - source primaire corporate,documente,
17,17,DAHER,categorie,Équipementier / ETI stratégique,2026-08-12,groupe / entité selon libellé,synthese_documentaire,,SRC0061,https://www.daher.com/,A2 - source primaire corporate,documente,
17,17,DAHER,secteur_principal,Aéronautique & logistique,2026-08-12,groupe / entité selon libellé,synthese_documentaire,,SRC0061,https://www.daher.com/,A2 - source primaire corporate,documente,
17,17,DAHER,specialite,"Aérostructures, logistique industrielle, avions et services aéronautiques",2026-08-12,groupe / entité selon libellé,synthese_documentaire,,SRC0061,https://www.daher.com/,A2 - source primaire corporate,documente,
17,17,DAHER,secteurs,"Aérostructures, équipements aéronautiques, logistique, services industriels, avions et drones.",2026-08-12,groupe / entité selon libellé,synthese_documentaire,,SRC0061,https://www.daher.com/,A2 - source primaire corporate,documente,
17,17,DAHER,description,"Daher est un groupe industriel français actif dans l’aéronautique, les aérostructures, les équipements, la logistique et les services industriels. Sa branche défense intervient dans les chaînes d’approvisionnement aéronautiques, le soutien logistique et certains développements de plateformes ou de drones. Sa taille, sa présence auprès des grands maîtres d’œuvre et son empreinte industrielle française en font un équipementier important de la continuité de production militaire.",2026-08-12,groupe / entité selon libellé,synthese_documentaire,,SRC0061,https://www.daher.com/,A2 - source primaire corporate,documente,
17,17,DAHER,siege_ville,Orly,2026-08-12,France / périmètre corporate indiqué,publie,,SRC0062,https://www.daher.com/fr/implantations/,A2 - source primaire corporate,documente,
17,17,DAHER,siege_departement,Val-de-Marne,2026-08-12,France / périmètre corporate indiqué,publie,,SRC0062,https://www.daher.com/fr/implantations/,A2 - source primaire corporate,documente,
17,17,DAHER,siege_region,Île-de-France,2026-08-12,France / périmètre corporate indiqué,publie,,SRC0062,https://www.daher.com/fr/implantations/,A2 - source primaire corporate,documente,
17,17,DAHER,siege_latitude,48.743,2026-08-12,commune du siège,geocode_centre_commune,,SRC0003,https://www.data.gouv.fr/datasets/communes-et-villes-de-france-en-csv-excel-json-parquet-et-feather,A1 - registre public officiel,documente,
17,17,DAHER,siege_longitude,2.395,2026-08-12,commune du siège,geocode_centre_commune,,SRC0003,https://www.data.gouv.fr/datasets/communes-et-villes-de-france-en-csv-excel-json-parquet-et-feather,A1 - registre public officiel,documente,
17,17,DAHER,effectif_label,Environ 14 500 collaborateurs dans le monde ; effectif défense non isolé.,2026-08-12,groupe / entité selon libellé,publie,,SRC0063,https://www.daher.com/daher-announces-2025-results/,A2 - source primaire corporate,approximation_documentee,"Présenter comme ordre de grandeur, jamais comme valeur exacte."
17,17,DAHER,nb_etablissements_france_public_label,"Pour l’unité légale Daher Aerospace : 29 établissements actifs en France dans le répertoire public, sur un périmètre couvrant plusieurs métiers.",2026-08-12,unité légale française,registre_public,,SRC0001,https://www.data.gouv.fr/datasets/base-sirene-des-entreprises-et-de-leurs-etablissements-siren-siret,A1 - registre public officiel,documente,
17,17,DAHER,nb_sites_cartographies,5,2026-08-12,référentiel dashboard,calcule_referentiel,nombre de lignes/sites du référentiel initial pour l’entreprise,SRC0004,,M - méthode interne,documente,
17,17,DAHER,nb_regions_cartographiees,4,2026-08-12,référentiel dashboard,calcule_referentiel,nombre de régions distinctes parmi les sites cartographiés,SRC0004,,M - méthode interne,documente,
17,17,DAHER,couverture_cartographique,5 sites cartographiés; total public comparable n.c.,2026-08-12,référentiel dashboard,calcule_referentiel,nb_sites_cartographies / nb_etablissements_france_public lorsque le dénominateur est comparable,SRC0004,,M - méthode interne,documente,
17,17,DAHER,statut_couverture,sites_publics_identifies_non_exhaustivite_juridique,2026-08-12,référentiel dashboard,calcule_referentiel,,SRC0004,,M - méthode interne,documente,
17,17,DAHER,ca_defense_label,"La défense représentait environ 15,5 % du CA sur le dernier périmètre sectoriel publié, soit de l’ordre de 300 M€ ; chiffre d’affaires groupe 2025 d’environ 1,9 Md€.",2025,groupe / entité selon libellé,publie,,SRC0063,https://www.daher.com/daher-announces-2025-results/,A2 - source primaire corporate,période à préciser,"Les 15,5 % / 300 M€ correspondent explicitement à 2024, pas à 2025. Afficher « Défense : 15,5 % du CA 2024, soit 300 M€ » ; ne pas le présenter comme chiffre 2025."
17,17,DAHER,carnet_commandes_label,"CA 2025 : environ 1,9 Md€. Le groupe communique une visibilité de carnet équivalente à environ 2,5 années de CA.",2025,groupe / entité selon libellé,publie,,SRC0063,https://www.daher.com/daher-announces-2025-results/,A2 - source primaire corporate,approximation_documentee,"Présenter comme ordre de grandeur, jamais comme valeur exacte."
17,17,DAHER,indicateurs_financiers_label,"Couverture carnet : ~2,5 ans ; Ratios de marge/dette : non publiés, groupe privé ; Défense 2024 : ordre de grandeur ~15,5 % du CA (environ 300 M€ à l’époque)",2024,groupe / entité selon libellé,publie,,SRC0063,https://www.daher.com/daher-announces-2025-results/,A2 - source primaire corporate,approximation_documentee,"Présenter comme ordre de grandeur, jamais comme valeur exacte."
17,17,DAHER,actionnariat,"Groupe familial, non coté, contrôlé par la famille Daher. Cette stabilité actionnariale s’inscrit dans une logique industrielle de long terme.",2026-08-12,capital / contrôle,publie / synthèse actionnariale,,SRC0061,https://www.daher.com/,A2 - source primaire corporate,documente,
17,17,DAHER,programmes,"Contribution aux chaînes Rafale et A400M, logistique de sites industriels défense, équipements aéronautiques et développements de systèmes aériens sans pilote.",2026-08-12,groupe / entité selon libellé,synthese_documentaire,,SRC0061,https://www.daher.com/,A2 - source primaire corporate,documente,
17,17,DAHER,code_ape,"Pour Daher Aerospace, l’activité principale juridique est 22.29A – Fabrication de pièces techniques à base de matières plastiques ; plusieurs établissements industriels sont en 30.30Z – Construction aéronautique et spatiale.",2026-08-12,"entité juridique de référence, pas nécessairement tout le groupe",registre_public / synthèse,,SRC0001,https://www.data.gouv.fr/datasets/base-sirene-des-entreprises-et-de-leurs-etablissements-siren-siret,A1 - registre public officiel,documente,
17,17,DAHER,site_web,https://www.daher.com/,2026-08-12,groupe / entité selon libellé,metadonnee,,SRC0004,,M - méthode interne,documente,
17,17,DAHER,source_principale,https://www.daher.com/,2026-08-12,groupe / entité selon libellé,metadonnee,,SRC0004,,M - méthode interne,documente,
17,17,DAHER,source_implantations,https://www.daher.com/fr/implantations/,2026-08-12,groupe / entité selon libellé,metadonnee,,SRC0004,,M - méthode interne,documente,
17,17,DAHER,source_coordonnees,https://www.data.gouv.fr/datasets/communes-et-villes-de-france-en-csv-excel-json-parquet-et-feather,2026-08-12,groupe / entité selon libellé,metadonnee,,SRC0004,,M - méthode interne,documente,
17,17,DAHER,perimetre_cartographique,"Implantations françaises industrielles, R&D, MCO, essais et fonctions centrales publiquement identifiables ; ce fichier ne vise pas à reproduire chaque SIRET administratif ou micro-bureau commercial.",2026-08-12,groupe / entité selon libellé,metadonnee,,SRC0004,,M - méthode interne,documente,
17,17,DAHER,date_reference,2026-08-12,2026,groupe / entité selon libellé,metadonnee,,SRC0004,,M - méthode interne,documente,
17,17,DAHER,nb_sites_referentiel_initial,5,2026-08-12,référentiel dashboard,calcule_referentiel,,SRC0004,,M - méthode interne,documente,
17,17,DAHER,nb_lignes_sirene_actives,23,2026-08-12,référentiel dashboard,calcule_referentiel,nombre de lignes rattachées à un établissement SIRENE actif,SRC0004,,M - méthode interne,documente,
17,17,DAHER,nb_nouveaux_etablissements_sirene,20,2026-08-12,référentiel dashboard,calcule_referentiel,nombre de lignes origine_ajout = SIRENE,SRC0004,,M - méthode interne,documente,
17,17,DAHER,nb_sirene_sans_signe_bitd,0,2026-08-12,référentiel dashboard,calcule_referentiel,,SRC0004,,M - méthode interne,documente,
17,17,DAHER,nb_sirene_a_confirmer,19,2026-08-12,référentiel dashboard,calcule_referentiel,,SRC0004,,M - méthode interne,documente,
17,17,DAHER,nb_etablissements_v2_total,25,2026-08-12,référentiel dashboard,calcule_referentiel,nombre total de lignes de l’entreprise dans etablissements.csv V2,SRC0004,,M - méthode interne,documente,
17,17,DAHER,nb_etablissements_affiches_par_defaut,25,2026-08-12,référentiel dashboard,calcule_referentiel,nombre de lignes avec affichage_carte_defaut = true,SRC0004,,M - méthode interne,documente,
17,17,DAHER,couverture_sirene_v2,établissements SIRENE actifs des unités légales opérationnelles identifiées et documentées dans cette V2 ; ne prétend pas couvrir toutes les filiales juridiques du groupe,2026-08-12,référentiel dashboard,calcule_referentiel,,SRC0004,,M - méthode interne,documente,
18,18,HUTCHINSON,id,18,2026-08-12,groupe / entité selon libellé,synthese_documentaire,,SRC0064,https://www.hutchinson.com/,A2 - source primaire corporate,documente,
18,18,HUTCHINSON,slug,hutchinson,2026-08-12,groupe / entité selon libellé,synthese_documentaire,,SRC0064,https://www.hutchinson.com/,A2 - source primaire corporate,documente,
18,18,HUTCHINSON,entreprise,HUTCHINSON,2026-08-12,groupe / entité selon libellé,synthese_documentaire,,SRC0064,https://www.hutchinson.com/,A2 - source primaire corporate,documente,
18,18,HUTCHINSON,categorie,Équipementier / ETI stratégique,2026-08-12,groupe / entité selon libellé,synthese_documentaire,,SRC0064,https://www.hutchinson.com/,A2 - source primaire corporate,documente,
18,18,HUTCHINSON,secteur_principal,Équipements & matériaux,2026-08-12,groupe / entité selon libellé,synthese_documentaire,,SRC0064,https://www.hutchinson.com/,A2 - source primaire corporate,documente,
18,18,HUTCHINSON,specialite,"Étanchéité, fluides, vibrations, composites et équipements de plateformes",2026-08-12,groupe / entité selon libellé,synthese_documentaire,,SRC0064,https://www.hutchinson.com/,A2 - source primaire corporate,documente,
18,18,HUTCHINSON,secteurs,"Étanchéité, gestion des fluides, isolation vibratoire, composites, protections thermiques et acoustiques.",2026-08-12,groupe / entité selon libellé,synthese_documentaire,,SRC0064,https://www.hutchinson.com/,A2 - source primaire corporate,documente,
18,18,HUTCHINSON,description,"Hutchinson est un grand équipementier de matériaux et systèmes pour l’aéronautique, la défense, l’automobile et l’industrie. Dans les programmes militaires, il fournit notamment des solutions d’étanchéité, de transfert de fluides, d’isolation vibratoire, de protection et des composants composites. Ces briques, peu visibles mais indispensables à la fiabilité des plateformes, font du groupe un fournisseur critique de nombreuses chaînes de production françaises et européennes.",2026-08-12,groupe / entité selon libellé,synthese_documentaire,,SRC0064,https://www.hutchinson.com/,A2 - source primaire corporate,documente,
18,18,HUTCHINSON,siege_ville,Clichy,2026-08-12,France / périmètre corporate indiqué,publie,,SRC0065,https://aerospacedefense.hutchinson.com/en/about-us,A2 - source primaire corporate,documente,
18,18,HUTCHINSON,siege_departement,Hauts-de-Seine,2026-08-12,France / périmètre corporate indiqué,publie,,SRC0065,https://aerospacedefense.hutchinson.com/en/about-us,A2 - source primaire corporate,documente,
18,18,HUTCHINSON,siege_region,Île-de-France,2026-08-12,France / périmètre corporate indiqué,publie,,SRC0065,https://aerospacedefense.hutchinson.com/en/about-us,A2 - source primaire corporate,documente,
18,18,HUTCHINSON,siege_latitude,48.904,2026-08-12,commune du siège,geocode_centre_commune,,SRC0003,https://www.data.gouv.fr/datasets/communes-et-villes-de-france-en-csv-excel-json-parquet-et-feather,A1 - registre public officiel,documente,
18,18,HUTCHINSON,siege_longitude,2.306,2026-08-12,commune du siège,geocode_centre_commune,,SRC0003,https://www.data.gouv.fr/datasets/communes-et-villes-de-france-en-csv-excel-json-parquet-et-feather,A1 - registre public officiel,documente,
18,18,HUTCHINSON,effectif_label,Plus de 40 000 collaborateurs dans le monde ; effectif défense non isolé.,2026-08-12,groupe / entité selon libellé,publie,,SRC0064,https://www.hutchinson.com/,A2 - source primaire corporate,documente,
18,18,HUTCHINSON,nb_etablissements_france_public_label,Le groupe compte plus de 100 sites dans le monde ; la branche Aerospace & Defense annonce environ 38 sites de production mondiaux. Le nombre strictement français n’est pas consolidé dans un chiffre unique public.,2026-08-12,France / périmètre corporate indiqué,publie,,SRC0065,https://aerospacedefense.hutchinson.com/en/about-us,A2 - source primaire corporate,approximation_documentee,"Présenter comme ordre de grandeur, jamais comme valeur exacte."
18,18,HUTCHINSON,nb_sites_cartographies,28,2026-08-12,référentiel dashboard,calcule_referentiel,nombre de lignes/sites du référentiel initial pour l’entreprise,SRC0004,,M - méthode interne,documente,
18,18,HUTCHINSON,nb_regions_cartographiees,10,2026-08-12,référentiel dashboard,calcule_referentiel,nombre de régions distinctes parmi les sites cartographiés,SRC0004,,M - méthode interne,documente,
18,18,HUTCHINSON,couverture_cartographique,28 sites cartographiés; total public comparable n.c.,2026-08-12,référentiel dashboard,calcule_referentiel,nb_sites_cartographies / nb_etablissements_france_public lorsque le dénominateur est comparable,SRC0004,,M - méthode interne,documente,
18,18,HUTCHINSON,statut_couverture,sites_publics_identifies_non_exhaustivite_juridique,2026-08-12,référentiel dashboard,calcule_referentiel,,SRC0004,,M - méthode interne,documente,
18,18,HUTCHINSON,ca_defense_label,"Non communiqué séparément : la défense est intégrée à une branche Aerospace & Defense plus large, au sein d’un groupe fortement diversifié.",2026-08-12,groupe / entité selon libellé,publie,,SRC0064,https://www.hutchinson.com/,A2 - source primaire corporate,non_disponible,Ne pas transformer une absence de publication en estimation.
18,18,HUTCHINSON,carnet_commandes_label,Carnet Défense et CA Défense non isolés. Hutchinson comptait environ 40 000 salariés et 84 sites de production fin 2024 selon TotalEnergies.,2024,groupe / entité selon libellé,publie,,SRC0064,https://www.hutchinson.com/,A2 - source primaire corporate,approximation_documentee,"Présenter comme ordre de grandeur, jamais comme valeur exacte."
18,18,HUTCHINSON,indicateurs_financiers_label,Marge/dette : n.c. au niveau Hutchinson ; Soutien financier : filiale de TotalEnergies ; Carnet Défense : n.c.,2026-08-12,groupe / entité selon libellé,publie,,SRC0064,https://www.hutchinson.com/,A2 - source primaire corporate,documente,
18,18,HUTCHINSON,actionnariat,"Filiale 100 % de TotalEnergies. Le soutien d’un grand groupe coté réduit fortement le risque financier autonome, même si les comptes de Hutchinson ne sont pas publiés avec le même niveau de détail qu’une société cotée indépendante.",2026-08-12,capital / contrôle,publie / synthèse actionnariale,,SRC0064,https://www.hutchinson.com/,A2 - source primaire corporate,documente,
18,18,HUTCHINSON,programmes,"Présence dans les chaînes d’équipements d’avions de combat, A400M, hélicoptères militaires, missiles et lanceurs ; contribution transverse plutôt que maîtrise d’œuvre de programme.",2026-08-12,groupe / entité selon libellé,synthese_documentaire,,SRC0064,https://www.hutchinson.com/,A2 - source primaire corporate,documente,
18,18,HUTCHINSON,code_ape,22.19Z – Fabrication d’autres articles en caoutchouc pour l’entité industrielle Hutchinson de référence.,2026-08-12,"entité juridique de référence, pas nécessairement tout le groupe",registre_public / synthèse,,SRC0001,https://www.data.gouv.fr/datasets/base-sirene-des-entreprises-et-de-leurs-etablissements-siren-siret,A1 - registre public officiel,documente,
18,18,HUTCHINSON,site_web,https://www.hutchinson.com/,2026-08-12,groupe / entité selon libellé,metadonnee,,SRC0004,,M - méthode interne,documente,
18,18,HUTCHINSON,source_principale,https://www.hutchinson.com/,2026-08-12,groupe / entité selon libellé,metadonnee,,SRC0004,,M - méthode interne,documente,
18,18,HUTCHINSON,source_implantations,https://aerospacedefense.hutchinson.com/en/about-us,2026-08-12,groupe / entité selon libellé,metadonnee,,SRC0004,,M - méthode interne,documente,
18,18,HUTCHINSON,source_coordonnees,https://www.data.gouv.fr/datasets/communes-et-villes-de-france-en-csv-excel-json-parquet-et-feather,2026-08-12,groupe / entité selon libellé,metadonnee,,SRC0004,,M - méthode interne,documente,
18,18,HUTCHINSON,perimetre_cartographique,"Implantations françaises industrielles, R&D, MCO, essais et fonctions centrales publiquement identifiables ; ce fichier ne vise pas à reproduire chaque SIRET administratif ou micro-bureau commercial.",2026-08-12,groupe / entité selon libellé,metadonnee,,SRC0004,,M - méthode interne,documente,
18,18,HUTCHINSON,date_reference,2026-08-12,2026,groupe / entité selon libellé,metadonnee,,SRC0004,,M - méthode interne,documente,
18,18,HUTCHINSON,nb_sites_referentiel_initial,28,2026-08-12,référentiel dashboard,calcule_referentiel,,SRC0004,,M - méthode interne,documente,
18,18,HUTCHINSON,nb_lignes_sirene_actives,9,2026-08-12,référentiel dashboard,calcule_referentiel,nombre de lignes rattachées à un établissement SIRENE actif,SRC0004,,M - méthode interne,documente,
18,18,HUTCHINSON,nb_nouveaux_etablissements_sirene,3,2026-08-12,référentiel dashboard,calcule_referentiel,nombre de lignes origine_ajout = SIRENE,SRC0004,,M - méthode interne,documente,
18,18,HUTCHINSON,nb_sirene_sans_signe_bitd,1,2026-08-12,référentiel dashboard,calcule_referentiel,,SRC0004,,M - méthode interne,documente,
18,18,HUTCHINSON,nb_sirene_a_confirmer,2,2026-08-12,référentiel dashboard,calcule_referentiel,,SRC0004,,M - méthode interne,documente,
18,18,HUTCHINSON,nb_etablissements_v2_total,31,2026-08-12,référentiel dashboard,calcule_referentiel,nombre total de lignes de l’entreprise dans etablissements.csv V2,SRC0004,,M - méthode interne,documente,
18,18,HUTCHINSON,nb_etablissements_affiches_par_defaut,28,2026-08-12,référentiel dashboard,calcule_referentiel,nombre de lignes avec affichage_carte_defaut = true,SRC0004,,M - méthode interne,documente,
18,18,HUTCHINSON,couverture_sirene_v2,établissements SIRENE actifs des unités légales opérationnelles identifiées et documentées dans cette V2 ; ne prétend pas couvrir toutes les filiales juridiques du groupe,2026-08-12,référentiel dashboard,calcule_referentiel,,SRC0004,,M - méthode interne,documente,
19,19,LATECOERE,id,19,2026-08-12,groupe / entité selon libellé,synthese_documentaire,,SRC0067,https://www.latecoere.aero/,A2 - source primaire corporate,documente,
19,19,LATECOERE,slug,latecoere,2026-08-12,groupe / entité selon libellé,synthese_documentaire,,SRC0067,https://www.latecoere.aero/,A2 - source primaire corporate,documente,
19,19,LATECOERE,entreprise,LATECOERE,2026-08-12,groupe / entité selon libellé,synthese_documentaire,,SRC0067,https://www.latecoere.aero/,A2 - source primaire corporate,documente,
19,19,LATECOERE,categorie,Équipementier / ETI stratégique,2026-08-12,groupe / entité selon libellé,synthese_documentaire,,SRC0067,https://www.latecoere.aero/,A2 - source primaire corporate,documente,
19,19,LATECOERE,secteur_principal,Aéronautique,2026-08-12,groupe / entité selon libellé,synthese_documentaire,,SRC0067,https://www.latecoere.aero/,A2 - source primaire corporate,documente,
19,19,LATECOERE,specialite,Aérostructures et systèmes d’interconnexion aéronautiques,2026-08-12,groupe / entité selon libellé,synthese_documentaire,,SRC0067,https://www.latecoere.aero/,A2 - source primaire corporate,documente,
19,19,LATECOERE,secteurs,"Aérostructures, portes et fuselages, systèmes d’interconnexion, câblage, ingénierie aéronautique.",2026-08-12,groupe / entité selon libellé,synthese_documentaire,,SRC0067,https://www.latecoere.aero/,A2 - source primaire corporate,documente,
19,19,LATECOERE,description,"Latécoère est un équipementier aéronautique français spécialisé dans les aérostructures et les systèmes d’interconnexion. Ses produits équipent des plateformes civiles et militaires, notamment des avions de transport et de combat. Le groupe est stratégique pour la capacité française à conserver des compétences de conception, d’industrialisation et de production de sous-ensembles aéronautiques complexes.",2026-08-12,groupe / entité selon libellé,synthese_documentaire,,SRC0067,https://www.latecoere.aero/,A2 - source primaire corporate,documente,
19,19,LATECOERE,siege_ville,Toulouse,2026-08-12,France / périmètre corporate indiqué,publie,,SRC0068,https://www.latecoere.aero/le-groupe/implantations/,A2 - source primaire corporate,documente,
19,19,LATECOERE,siege_departement,Haute-Garonne,2026-08-12,France / périmètre corporate indiqué,publie,,SRC0068,https://www.latecoere.aero/le-groupe/implantations/,A2 - source primaire corporate,documente,
19,19,LATECOERE,siege_region,Occitanie,2026-08-12,France / périmètre corporate indiqué,publie,,SRC0068,https://www.latecoere.aero/le-groupe/implantations/,A2 - source primaire corporate,documente,
19,19,LATECOERE,siege_latitude,43.596,2026-08-12,commune du siège,geocode_centre_commune,,SRC0003,https://www.data.gouv.fr/datasets/communes-et-villes-de-france-en-csv-excel-json-parquet-et-feather,A1 - registre public officiel,documente,
19,19,LATECOERE,siege_longitude,1.432,2026-08-12,commune du siège,geocode_centre_commune,,SRC0003,https://www.data.gouv.fr/datasets/communes-et-villes-de-france-en-csv-excel-json-parquet-et-feather,A1 - registre public officiel,documente,
19,19,LATECOERE,effectif_label,Plus de 6 000 collaborateurs dans le monde ; effectif défense non isolé.,2026-08-12,groupe / entité selon libellé,publie,,SRC0069,https://www.latecoere.aero/en/2025-full-year-results/,A2 - source primaire corporate,documente,
19,19,LATECOERE,nb_etablissements_france_public_label,Le nombre d’établissements français n’est pas consolidé dans un compteur corporate unique ; plusieurs sites d’ingénierie et de production sont présents dans le Sud-Ouest.,2026-08-12,France / périmètre corporate indiqué,publie,,SRC0068,https://www.latecoere.aero/le-groupe/implantations/,A2 - source primaire corporate,documente,
19,19,LATECOERE,nb_sites_cartographies,7,2026-08-12,référentiel dashboard,calcule_referentiel,nombre de lignes/sites du référentiel initial pour l’entreprise,SRC0004,,M - méthode interne,documente,
19,19,LATECOERE,nb_regions_cartographiees,2,2026-08-12,référentiel dashboard,calcule_referentiel,nombre de régions distinctes parmi les sites cartographiés,SRC0004,,M - méthode interne,documente,
19,19,LATECOERE,couverture_cartographique,7 sites cartographiés; total public comparable n.c.,2026-08-12,référentiel dashboard,calcule_referentiel,nb_sites_cartographies / nb_etablissements_france_public lorsque le dénominateur est comparable,SRC0004,,M - méthode interne,documente,
19,19,LATECOERE,statut_couverture,sites_publics_identifies_non_exhaustivite_juridique,2026-08-12,référentiel dashboard,calcule_referentiel,,SRC0004,,M - méthode interne,documente,
19,19,LATECOERE,marge_pct,5.2,2026-08-12,Marge EBITDA récurrente,publie_ou_calcule_selon_publication,,SRC0069,https://www.latecoere.aero/en/2025-full-year-results/,A2 - source primaire corporate,documente,
19,19,LATECOERE,marge_type,Marge EBITDA récurrente,2026-08-12,groupe / entité selon libellé,publie,,SRC0069,https://www.latecoere.aero/en/2025-full-year-results/,A2 - source primaire corporate,documente,
19,19,LATECOERE,ca_defense_label,"Non communiqué séparément. Chiffre d’affaires 2025 d’environ 756,7 M€, couvrant aviation civile, défense et activités d’interconnexion.",2025,groupe / entité selon libellé,publie,,SRC0069,https://www.latecoere.aero/en/2025-full-year-results/,A2 - source primaire corporate,documente_avec_limite_perimetre,"Une valeur est publiée, mais un sous-périmètre associé est explicitement non communiqué ; conserver cette nuance dans l’interface."
19,19,LATECOERE,carnet_commandes_label,"CA 2025 756,7 M€, EBITDA récurrent des activités poursuivies 39,4 M€, cash-flow opérationnel +10,5 M€. Carnet défense séparé non publié.",2025,groupe / entité selon libellé,publie,,SRC0069,https://www.latecoere.aero/en/2025-full-year-results/,A2 - source primaire corporate,documente,
19,19,LATECOERE,indicateurs_financiers_label,"Marge EBITDA récurrente : ~5,2 % ; Cash-flow d’exploitation : positif à 10,5 M€ ; Croissance CA 2025 : +7,2 % ; Carnet/levier détaillé : n.c. dans le communiqué synthétique",2025,groupe / entité selon libellé,publie,,SRC0069,https://www.latecoere.aero/en/2025-full-year-results/,A2 - source primaire corporate,approximation_documentee,"Présenter comme ordre de grandeur, jamais comme valeur exacte."
19,19,LATECOERE,actionnariat,Searchlight Capital Partners demeure l’actionnaire de référence et soutien financier du groupe. Latécoère reste un équipementier coté mais fortement contrôlé par cet investisseur après les recapitalisations successives.,2026-08-12,capital / contrôle,publie / synthèse actionnariale,,SRC0067,https://www.latecoere.aero/,A2 - source primaire corporate,documente,
19,19,LATECOERE,programmes,"Rafale, A400M, ainsi que plusieurs plateformes militaires export ; fourniture de structures et d’interconnexions plutôt que maîtrise d’œuvre système.",2026-08-12,groupe / entité selon libellé,synthese_documentaire,,SRC0067,https://www.latecoere.aero/,A2 - source primaire corporate,documente,
19,19,LATECOERE,code_ape,30.30Z – Construction aéronautique et spatiale pour les principales activités industrielles aéronautiques du groupe en France.,2026-08-12,"entité juridique de référence, pas nécessairement tout le groupe",registre_public / synthèse,,SRC0001,https://www.data.gouv.fr/datasets/base-sirene-des-entreprises-et-de-leurs-etablissements-siren-siret,A1 - registre public officiel,documente,
19,19,LATECOERE,site_web,https://www.latecoere.aero/,2026-08-12,groupe / entité selon libellé,metadonnee,,SRC0004,,M - méthode interne,documente,
19,19,LATECOERE,source_principale,https://www.latecoere.aero/,2026-08-12,groupe / entité selon libellé,metadonnee,,SRC0004,,M - méthode interne,documente,
19,19,LATECOERE,source_implantations,https://www.latecoere.aero/le-groupe/implantations/,2026-08-12,groupe / entité selon libellé,metadonnee,,SRC0004,,M - méthode interne,documente,
19,19,LATECOERE,source_coordonnees,https://www.data.gouv.fr/datasets/communes-et-villes-de-france-en-csv-excel-json-parquet-et-feather,2026-08-12,groupe / entité selon libellé,metadonnee,,SRC0004,,M - méthode interne,documente,
19,19,LATECOERE,perimetre_cartographique,"Implantations françaises industrielles, R&D, MCO, essais et fonctions centrales publiquement identifiables ; ce fichier ne vise pas à reproduire chaque SIRET administratif ou micro-bureau commercial.",2026-08-12,groupe / entité selon libellé,metadonnee,,SRC0004,,M - méthode interne,documente,
19,19,LATECOERE,date_reference,2026-08-12,2026,groupe / entité selon libellé,metadonnee,,SRC0004,,M - méthode interne,documente,
19,19,LATECOERE,nb_sites_referentiel_initial,7,2026-08-12,référentiel dashboard,calcule_referentiel,,SRC0004,,M - méthode interne,documente,
19,19,LATECOERE,nb_lignes_sirene_actives,3,2026-08-12,référentiel dashboard,calcule_referentiel,nombre de lignes rattachées à un établissement SIRENE actif,SRC0004,,M - méthode interne,documente,
19,19,LATECOERE,nb_nouveaux_etablissements_sirene,0,2026-08-12,référentiel dashboard,calcule_referentiel,nombre de lignes origine_ajout = SIRENE,SRC0004,,M - méthode interne,documente,
19,19,LATECOERE,nb_sirene_sans_signe_bitd,0,2026-08-12,référentiel dashboard,calcule_referentiel,,SRC0004,,M - méthode interne,documente,
19,19,LATECOERE,nb_sirene_a_confirmer,0,2026-08-12,référentiel dashboard,calcule_referentiel,,SRC0004,,M - méthode interne,documente,
19,19,LATECOERE,nb_etablissements_v2_total,7,2026-08-12,référentiel dashboard,calcule_referentiel,nombre total de lignes de l’entreprise dans etablissements.csv V2,SRC0004,,M - méthode interne,documente,
19,19,LATECOERE,nb_etablissements_affiches_par_defaut,7,2026-08-12,référentiel dashboard,calcule_referentiel,nombre de lignes avec affichage_carte_defaut = true,SRC0004,,M - méthode interne,documente,
19,19,LATECOERE,couverture_sirene_v2,établissements SIRENE actifs des unités légales opérationnelles identifiées et documentées dans cette V2 ; ne prétend pas couvrir toutes les filiales juridiques du groupe,2026-08-12,référentiel dashboard,calcule_referentiel,,SRC0004,,M - méthode interne,documente,
20,20,MECACHROME,id,20,2026-08-12,groupe / entité selon libellé,synthese_documentaire,,SRC0071,https://www.mecachrome.com/,A2 - source primaire corporate,documente,
20,20,MECACHROME,slug,mecachrome,2026-08-12,groupe / entité selon libellé,synthese_documentaire,,SRC0071,https://www.mecachrome.com/,A2 - source primaire corporate,documente,
20,20,MECACHROME,entreprise,MECACHROME,2026-08-12,groupe / entité selon libellé,synthese_documentaire,,SRC0071,https://www.mecachrome.com/,A2 - source primaire corporate,documente,
20,20,MECACHROME,categorie,Équipementier / ETI stratégique,2026-08-12,groupe / entité selon libellé,synthese_documentaire,,SRC0071,https://www.mecachrome.com/,A2 - source primaire corporate,documente,
20,20,MECACHROME,secteur_principal,Mécanique de précision,2026-08-12,groupe / entité selon libellé,synthese_documentaire,,SRC0071,https://www.mecachrome.com/,A2 - source primaire corporate,documente,
20,20,MECACHROME,specialite,"Mécanique de haute précision, pièces moteurs, défense, nucléaire et spatial",2026-08-12,groupe / entité selon libellé,synthese_documentaire,,SRC0071,https://www.mecachrome.com/,A2 - source primaire corporate,documente,
20,20,MECACHROME,secteurs,"Mécanique de précision, usinage, pièces moteurs, aérostructures, nucléaire, spatial.",2026-08-12,groupe / entité selon libellé,synthese_documentaire,,SRC0071,https://www.mecachrome.com/,A2 - source primaire corporate,documente,
20,20,MECACHROME,description,"Mecachrome est un groupe de mécanique de haute précision spécialisé dans les pièces et sous-ensembles pour l’aéronautique, les moteurs, la défense, le nucléaire et le spatial. Il intervient sur des composants à fortes contraintes métallurgiques et dimensionnelles, notamment dans les chaînes de propulsion. Sa maîtrise des procédés d’usinage et d’industrialisation à haute valeur ajoutée le place parmi les fournisseurs stratégiques des motoristes et maîtres d’œuvre français.",2026-08-12,groupe / entité selon libellé,synthese_documentaire,,SRC0071,https://www.mecachrome.com/,A2 - source primaire corporate,documente,
20,20,MECACHROME,siege_ville,Blagnac,2026-08-12,France / périmètre corporate indiqué,publie,,SRC0072,https://www.mecachrome.com/,A2 - source primaire corporate,documente,
20,20,MECACHROME,siege_departement,Haute-Garonne,2026-08-12,France / périmètre corporate indiqué,publie,,SRC0072,https://www.mecachrome.com/,A2 - source primaire corporate,documente,
20,20,MECACHROME,siege_region,Occitanie,2026-08-12,France / périmètre corporate indiqué,publie,,SRC0072,https://www.mecachrome.com/,A2 - source primaire corporate,documente,
20,20,MECACHROME,siege_latitude,43.642,2026-08-12,commune du siège,geocode_centre_commune,,SRC0003,https://www.data.gouv.fr/datasets/communes-et-villes-de-france-en-csv-excel-json-parquet-et-feather,A1 - registre public officiel,documente,
20,20,MECACHROME,siege_longitude,1.379,2026-08-12,commune du siège,geocode_centre_commune,,SRC0003,https://www.data.gouv.fr/datasets/communes-et-villes-de-france-en-csv-excel-json-parquet-et-feather,A1 - registre public officiel,documente,
20,20,MECACHROME,effectif_label,Environ 5 000 collaborateurs.,2026-08-12,groupe / entité selon libellé,publie,,SRC0071,https://www.mecachrome.com/,A2 - source primaire corporate,approximation_documentee,"Présenter comme ordre de grandeur, jamais comme valeur exacte."
20,20,MECACHROME,nb_etablissements_france_public_label,22 à 24 sites au niveau groupe selon la date de publication ; le nombre strictement français n’est pas isolé dans un chiffre unique récent.,2026-08-12,France / périmètre corporate indiqué,publie,,SRC0072,https://www.mecachrome.com/,A2 - source primaire corporate,documente,
20,20,MECACHROME,nb_sites_cartographies,15,2026-08-12,référentiel dashboard,calcule_referentiel,nombre de lignes/sites du référentiel initial pour l’entreprise,SRC0004,,M - méthode interne,documente,
20,20,MECACHROME,nb_regions_cartographiees,5,2026-08-12,référentiel dashboard,calcule_referentiel,nombre de régions distinctes parmi les sites cartographiés,SRC0004,,M - méthode interne,documente,
20,20,MECACHROME,couverture_cartographique,15 sites cartographiés; total public comparable n.c.,2026-08-12,référentiel dashboard,calcule_referentiel,nb_sites_cartographies / nb_etablissements_france_public lorsque le dénominateur est comparable,SRC0004,,M - méthode interne,documente,
20,20,MECACHROME,statut_couverture,sites_publics_identifies_non_exhaustivite_juridique,2026-08-12,référentiel dashboard,calcule_referentiel,,SRC0004,,M - méthode interne,documente,
20,20,MECACHROME,ca_defense_label,"Non communiqué séparément. Chiffre d’affaires groupe récent supérieur à 600 M€, avec une part importante d’aéronautique et des activités défense, nucléaire et espace.",2026-08-12,groupe / entité selon libellé,publie,,SRC0071,https://www.mecachrome.com/,A2 - source primaire corporate,documente_avec_limite_perimetre,"Une valeur est publiée, mais un sous-périmètre associé est explicitement non communiqué ; conserver cette nuance dans l’interface."
20,20,MECACHROME,carnet_commandes_label,Carnet et comptes détaillés récents non publiés au même niveau qu’une société cotée. La société a une forte exposition aux montées en cadence aéronautiques et aux marchés nucléaires/défense.,2026-08-12,groupe / entité selon libellé,publie,,SRC0071,https://www.mecachrome.com/,A2 - source primaire corporate,documente,
20,20,MECACHROME,indicateurs_financiers_label,Part Défense/nucléaire/spatial : significative mais non ventilée récemment ; Marge/dette : n.c. publiquement ; Carnet : n.c.,2026-08-12,groupe / entité selon libellé,publie,,SRC0071,https://www.mecachrome.com/,A2 - source primaire corporate,documente,
20,20,MECACHROME,actionnariat,Contrôle détenu par Tikehau Capital (~64 %) et Bpifrance (~36 %) selon la structure issue des opérations de recapitalisation/renforcement. Ancrage financier français avec présence publique importante.,2026-08-12,capital / contrôle,publie / synthèse actionnariale,,SRC0071,https://www.mecachrome.com/,A2 - source primaire corporate,approximation_documentee,"Présenter comme ordre de grandeur, jamais comme valeur exacte."
20,20,MECACHROME,programmes,"Pièces pour le moteur M88 du Rafale, chaînes aéronautiques militaires, équipements liés au nucléaire/dissuasion et au spatial.",2026-08-12,groupe / entité selon libellé,synthese_documentaire,,SRC0071,https://www.mecachrome.com/,A2 - source primaire corporate,documente,
20,20,MECACHROME,code_ape,"Pour les principales entités de production mécanique : 25.62B – Mécanique industrielle, à confirmer établissement par établissement.",2026-08-12,"entité juridique de référence, pas nécessairement tout le groupe",registre_public / synthèse,,SRC0001,https://www.data.gouv.fr/datasets/base-sirene-des-entreprises-et-de-leurs-etablissements-siren-siret,A1 - registre public officiel,documente,
20,20,MECACHROME,site_web,https://www.mecachrome.com/,2026-08-12,groupe / entité selon libellé,metadonnee,,SRC0004,,M - méthode interne,documente,
20,20,MECACHROME,source_principale,https://www.mecachrome.com/,2026-08-12,groupe / entité selon libellé,metadonnee,,SRC0004,,M - méthode interne,documente,
20,20,MECACHROME,source_implantations,https://www.mecachrome.com/,2026-08-12,groupe / entité selon libellé,metadonnee,,SRC0004,,M - méthode interne,documente,
20,20,MECACHROME,source_coordonnees,https://www.data.gouv.fr/datasets/communes-et-villes-de-france-en-csv-excel-json-parquet-et-feather,2026-08-12,groupe / entité selon libellé,metadonnee,,SRC0004,,M - méthode interne,documente,
20,20,MECACHROME,perimetre_cartographique,"Implantations françaises industrielles, R&D, MCO, essais et fonctions centrales publiquement identifiables ; ce fichier ne vise pas à reproduire chaque SIRET administratif ou micro-bureau commercial.",2026-08-12,groupe / entité selon libellé,metadonnee,,SRC0004,,M - méthode interne,documente,
20,20,MECACHROME,date_reference,2026-08-12,2026,groupe / entité selon libellé,metadonnee,,SRC0004,,M - méthode interne,documente,
20,20,MECACHROME,nb_sites_referentiel_initial,15,2026-08-12,référentiel dashboard,calcule_referentiel,,SRC0004,,M - méthode interne,documente,
20,20,MECACHROME,nb_lignes_sirene_actives,5,2026-08-12,référentiel dashboard,calcule_referentiel,nombre de lignes rattachées à un établissement SIRENE actif,SRC0004,,M - méthode interne,documente,
20,20,MECACHROME,nb_nouveaux_etablissements_sirene,2,2026-08-12,référentiel dashboard,calcule_referentiel,nombre de lignes origine_ajout = SIRENE,SRC0004,,M - méthode interne,documente,
20,20,MECACHROME,nb_sirene_sans_signe_bitd,0,2026-08-12,référentiel dashboard,calcule_referentiel,,SRC0004,,M - méthode interne,documente,
20,20,MECACHROME,nb_sirene_a_confirmer,2,2026-08-12,référentiel dashboard,calcule_referentiel,,SRC0004,,M - méthode interne,documente,
20,20,MECACHROME,nb_etablissements_v2_total,17,2026-08-12,référentiel dashboard,calcule_referentiel,nombre total de lignes de l’entreprise dans etablissements.csv V2,SRC0004,,M - méthode interne,documente,
20,20,MECACHROME,nb_etablissements_affiches_par_defaut,17,2026-08-12,référentiel dashboard,calcule_referentiel,nombre de lignes avec affichage_carte_defaut = true,SRC0004,,M - méthode interne,documente,
20,20,MECACHROME,couverture_sirene_v2,établissements SIRENE actifs des unités légales opérationnelles identifiées et documentées dans cette V2 ; ne prétend pas couvrir toutes les filiales juridiques du groupe,2026-08-12,référentiel dashboard,calcule_referentiel,,SRC0004,,M - méthode interne,documente,
21,21,FIGEAC AERO,id,21,2026-08-12,groupe / entité selon libellé,synthese_documentaire,,SRC0074,https://www.figeac-aero.com/,A2 - source primaire corporate,documente,
21,21,FIGEAC AERO,slug,figeac-aero,2026-08-12,groupe / entité selon libellé,synthese_documentaire,,SRC0074,https://www.figeac-aero.com/,A2 - source primaire corporate,documente,
21,21,FIGEAC AERO,entreprise,FIGEAC AERO,2026-08-12,groupe / entité selon libellé,synthese_documentaire,,SRC0074,https://www.figeac-aero.com/,A2 - source primaire corporate,documente,
21,21,FIGEAC AERO,categorie,Équipementier / ETI stratégique,2026-08-12,groupe / entité selon libellé,synthese_documentaire,,SRC0074,https://www.figeac-aero.com/,A2 - source primaire corporate,documente,
21,21,FIGEAC AERO,secteur_principal,Aéronautique,2026-08-12,groupe / entité selon libellé,synthese_documentaire,,SRC0074,https://www.figeac-aero.com/,A2 - source primaire corporate,documente,
21,21,FIGEAC AERO,specialite,Usinage et sous-ensembles aéronautiques de haute précision,2026-08-12,groupe / entité selon libellé,synthese_documentaire,,SRC0074,https://www.figeac-aero.com/,A2 - source primaire corporate,documente,
21,21,FIGEAC AERO,secteurs,"Usinage, aérostructures, pièces moteurs, assemblage, traitement de pièces aéronautiques.",2026-08-12,groupe / entité selon libellé,synthese_documentaire,,SRC0074,https://www.figeac-aero.com/,A2 - source primaire corporate,documente,
21,21,FIGEAC AERO,description,"Figeac Aéro est un sous-traitant aéronautique de premier rang spécialisé dans l’usinage de pièces complexes, les aérostructures et les sous-ensembles moteurs. Il fournit les grands avionneurs et motoristes civils et militaires, avec une présence notable dans les chaînes Rafale et M88. Son implantation industrielle française et ses investissements capacitaires en font un maillon important de la remontée en cadence aéronautique.",2026-08-12,groupe / entité selon libellé,synthese_documentaire,,SRC0074,https://www.figeac-aero.com/,A2 - source primaire corporate,documente,
21,21,FIGEAC AERO,siege_ville,Figeac,2026-08-12,France / périmètre corporate indiqué,publie,,SRC0075,https://www.figeac-aero.com/,A2 - source primaire corporate,documente,
21,21,FIGEAC AERO,siege_departement,Lot,2026-08-12,France / périmètre corporate indiqué,publie,,SRC0075,https://www.figeac-aero.com/,A2 - source primaire corporate,documente,
21,21,FIGEAC AERO,siege_region,Occitanie,2026-08-12,France / périmètre corporate indiqué,publie,,SRC0075,https://www.figeac-aero.com/,A2 - source primaire corporate,documente,
21,21,FIGEAC AERO,siege_latitude,44.606,2026-08-12,commune du siège,geocode_centre_commune,,SRC0003,https://www.data.gouv.fr/datasets/communes-et-villes-de-france-en-csv-excel-json-parquet-et-feather,A1 - registre public officiel,documente,
21,21,FIGEAC AERO,siege_longitude,2.025,2026-08-12,commune du siège,geocode_centre_commune,,SRC0003,https://www.data.gouv.fr/datasets/communes-et-villes-de-france-en-csv-excel-json-parquet-et-feather,A1 - registre public officiel,documente,
21,21,FIGEAC AERO,effectif_label,"Environ 3 580 salariés au niveau consolidé à l’automne 2025, dont environ 1 590 en France ; effectif défense non isolé.",2025,groupe / entité selon libellé,publie,,SRC0077,https://live.euronext.com/fr/products/equities/company-news/2026-06-10-figeac-aero-resultats-annuels-202526,A2 - publication de marché,approximation_documentee,"Présenter comme ordre de grandeur, jamais comme valeur exacte."
21,21,FIGEAC AERO,nb_etablissements_france_public_label,Nombre juridique France non consolidé dans le chiffre-clé groupe ; plusieurs sites industriels français structurants.,2026-08-12,France / périmètre corporate indiqué,publie,,SRC0075,https://www.figeac-aero.com/,A2 - source primaire corporate,documente,
21,21,FIGEAC AERO,nb_sites_cartographies,9,2026-08-12,référentiel dashboard,calcule_referentiel,nombre de lignes/sites du référentiel initial pour l’entreprise,SRC0004,,M - méthode interne,documente,
21,21,FIGEAC AERO,nb_regions_cartographiees,6,2026-08-12,référentiel dashboard,calcule_referentiel,nombre de régions distinctes parmi les sites cartographiés,SRC0004,,M - méthode interne,documente,
21,21,FIGEAC AERO,couverture_cartographique,9 sites cartographiés; total public comparable n.c.,2026-08-12,référentiel dashboard,calcule_referentiel,nb_sites_cartographies / nb_etablissements_france_public lorsque le dénominateur est comparable,SRC0004,,M - méthode interne,documente,
21,21,FIGEAC AERO,statut_couverture,sites_publics_identifies_non_exhaustivite_juridique,2026-08-12,référentiel dashboard,calcule_referentiel,,SRC0004,,M - méthode interne,documente,
21,21,FIGEAC AERO,ratio_carnet_ca,9.86,2026-08-12,Figeac Aéro,calcule,carnet de commandes / chiffre d’affaires annuel,SRC0077,https://live.euronext.com/fr/products/equities/company-news/2026-06-10-figeac-aero-resultats-annuels-202526,A2 - publication de marché,documente,
21,21,FIGEAC AERO,ratio_carnet_ca_perimetre,Figeac Aéro,2026-08-12,Figeac Aéro,metadonnee_perimetre,,SRC0077,https://live.euronext.com/fr/products/equities/company-news/2026-06-10-figeac-aero-resultats-annuels-202526,A2 - publication de marché,documente,
21,21,FIGEAC AERO,marge_pct,16.1,2026-08-12,Marge EBITDA,publie_ou_calcule_selon_publication,,SRC0077,https://live.euronext.com/fr/products/equities/company-news/2026-06-10-figeac-aero-resultats-annuels-202526,A2 - publication de marché,documente,
21,21,FIGEAC AERO,marge_type,Marge EBITDA,2026-08-12,groupe / entité selon libellé,publie,,SRC0077,https://live.euronext.com/fr/products/equities/company-news/2026-06-10-figeac-aero-resultats-annuels-202526,A2 - publication de marché,documente,
21,21,FIGEAC AERO,ca_defense_label,Non communiqué séparément. Le chiffre d’affaires de l’exercice 2025/2026 se situe autour de 487 M€ selon les publications financières de marché ; la défense est incluse dans l’aéronautique.,"2025,2026",groupe / entité selon libellé,publie,,SRC0077,https://live.euronext.com/fr/products/equities/company-news/2026-06-10-figeac-aero-resultats-annuels-202526,A2 - publication de marché,documente_avec_limite_perimetre,"Une valeur est publiée, mais un sous-périmètre associé est explicitement non communiqué ; conserver cette nuance dans l’interface."
21,21,FIGEAC AERO,carnet_commandes_label,"Exercice 2025/26 : CA 486,8 M€, EBITDA courant 78,6 M€, free cash-flow 36,0 M€, dette nette 263,4 M€, carnet record 4,8 Md€.",2025,groupe / entité selon libellé,publie,,SRC0077,https://live.euronext.com/fr/products/equities/company-news/2026-06-10-figeac-aero-resultats-annuels-202526,A2 - publication de marché,documente,
21,21,FIGEAC AERO,indicateurs_financiers_label,"Marge EBITDA : 16,1 % ; Levier dette nette / EBITDA : 3,4x ; Carnet / CA : ~9,86x ; FCF / CA : ~7,4 %",2026-08-12,groupe / entité selon libellé,publie,,SRC0077,https://live.euronext.com/fr/products/equities/company-news/2026-06-10-figeac-aero-resultats-annuels-202526,A2 - publication de marché,approximation_documentee,"Présenter comme ordre de grandeur, jamais comme valeur exacte."
21,21,FIGEAC AERO,actionnariat,Structure de contrôle autour de la famille Maillard et de Tikehau Capital. Le dernier détail public fait apparaître un concert représentant environ 78 % du capital et une très forte majorité des droits de vote.,2026-08-12,capital / contrôle,publie / synthèse actionnariale,,SRC0076,https://www.figeac-aero.com/fr/gouvernance,A2 - source primaire corporate,approximation_documentee,"Présenter comme ordre de grandeur, jamais comme valeur exacte."
21,21,FIGEAC AERO,programmes,"Chaînes d’approvisionnement Rafale, M88, aéronefs de transport militaire et hélicoptères ; contrats de long terme avec avionneurs et motoristes.",2026-08-12,groupe / entité selon libellé,synthese_documentaire,,SRC0074,https://www.figeac-aero.com/,A2 - source primaire corporate,documente,
21,21,FIGEAC AERO,code_ape,25.62B – Mécanique industrielle.,2026-08-12,"entité juridique de référence, pas nécessairement tout le groupe",registre_public / synthèse,,SRC0001,https://www.data.gouv.fr/datasets/base-sirene-des-entreprises-et-de-leurs-etablissements-siren-siret,A1 - registre public officiel,documente,
21,21,FIGEAC AERO,site_web,https://www.figeac-aero.com/,2026-08-12,groupe / entité selon libellé,metadonnee,,SRC0004,,M - méthode interne,documente,
21,21,FIGEAC AERO,source_principale,https://www.figeac-aero.com/,2026-08-12,groupe / entité selon libellé,metadonnee,,SRC0004,,M - méthode interne,documente,
21,21,FIGEAC AERO,source_implantations,https://www.figeac-aero.com/,2026-08-12,groupe / entité selon libellé,metadonnee,,SRC0004,,M - méthode interne,documente,
21,21,FIGEAC AERO,source_coordonnees,https://www.data.gouv.fr/datasets/communes-et-villes-de-france-en-csv-excel-json-parquet-et-feather,2026-08-12,groupe / entité selon libellé,metadonnee,,SRC0004,,M - méthode interne,documente,
21,21,FIGEAC AERO,perimetre_cartographique,"Implantations françaises industrielles, R&D, MCO, essais et fonctions centrales publiquement identifiables ; ce fichier ne vise pas à reproduire chaque SIRET administratif ou micro-bureau commercial.",2026-08-12,groupe / entité selon libellé,metadonnee,,SRC0004,,M - méthode interne,documente,
21,21,FIGEAC AERO,date_reference,2026-08-12,2026,groupe / entité selon libellé,metadonnee,,SRC0004,,M - méthode interne,documente,
21,21,FIGEAC AERO,nb_sites_referentiel_initial,9,2026-08-12,référentiel dashboard,calcule_referentiel,,SRC0004,,M - méthode interne,documente,
21,21,FIGEAC AERO,nb_lignes_sirene_actives,3,2026-08-12,référentiel dashboard,calcule_referentiel,nombre de lignes rattachées à un établissement SIRENE actif,SRC0004,,M - méthode interne,documente,
21,21,FIGEAC AERO,nb_nouveaux_etablissements_sirene,0,2026-08-12,référentiel dashboard,calcule_referentiel,nombre de lignes origine_ajout = SIRENE,SRC0004,,M - méthode interne,documente,
21,21,FIGEAC AERO,nb_sirene_sans_signe_bitd,0,2026-08-12,référentiel dashboard,calcule_referentiel,,SRC0004,,M - méthode interne,documente,
21,21,FIGEAC AERO,nb_sirene_a_confirmer,0,2026-08-12,référentiel dashboard,calcule_referentiel,,SRC0004,,M - méthode interne,documente,
21,21,FIGEAC AERO,nb_etablissements_v2_total,9,2026-08-12,référentiel dashboard,calcule_referentiel,nombre total de lignes de l’entreprise dans etablissements.csv V2,SRC0004,,M - méthode interne,documente,
21,21,FIGEAC AERO,nb_etablissements_affiches_par_defaut,9,2026-08-12,référentiel dashboard,calcule_referentiel,nombre de lignes avec affichage_carte_defaut = true,SRC0004,,M - méthode interne,documente,
21,21,FIGEAC AERO,couverture_sirene_v2,établissements SIRENE actifs des unités légales opérationnelles identifiées et documentées dans cette V2 ; ne prétend pas couvrir toutes les filiales juridiques du groupe,2026-08-12,référentiel dashboard,calcule_referentiel,,SRC0004,,M - méthode interne,documente,
22,22,SABENA TECHNICS,id,22,2026-08-12,groupe / entité selon libellé,synthese_documentaire,,SRC0078,https://www.sabenatechnics.com/,A2 - source primaire corporate,documente,
22,22,SABENA TECHNICS,slug,sabena-technics,2026-08-12,groupe / entité selon libellé,synthese_documentaire,,SRC0078,https://www.sabenatechnics.com/,A2 - source primaire corporate,documente,
22,22,SABENA TECHNICS,entreprise,SABENA TECHNICS,2026-08-12,groupe / entité selon libellé,synthese_documentaire,,SRC0078,https://www.sabenatechnics.com/,A2 - source primaire corporate,documente,
22,22,SABENA TECHNICS,categorie,Équipementier / ETI stratégique,2026-08-12,groupe / entité selon libellé,synthese_documentaire,,SRC0078,https://www.sabenatechnics.com/,A2 - source primaire corporate,documente,
22,22,SABENA TECHNICS,secteur_principal,MCO aéronautique,2026-08-12,groupe / entité selon libellé,synthese_documentaire,,SRC0078,https://www.sabenatechnics.com/,A2 - source primaire corporate,documente,
22,22,SABENA TECHNICS,specialite,"MCO, modification et modernisation d’aéronefs militaires",2026-08-12,groupe / entité selon libellé,synthese_documentaire,,SRC0078,https://www.sabenatechnics.com/,A2 - source primaire corporate,documente,
22,22,SABENA TECHNICS,secteurs,"MCO aéronautique, modification, intégration de mission, peinture, structures, moteurs et soutien logistique.",2026-08-12,groupe / entité selon libellé,synthese_documentaire,,SRC0078,https://www.sabenatechnics.com/,A2 - source primaire corporate,documente,
22,22,SABENA TECHNICS,description,"Sabena technics est un groupe français de maintenance, réparation, modification et soutien aéronautique. Il travaille pour des forces armées, la DGA et des opérateurs étatiques sur des avions et hélicoptères, avec des capacités de modification lourde et d’intégration de systèmes de mission. Dans la BITD, son rôle est particulièrement important pour le maintien en condition opérationnelle et l’adaptation des flottes existantes.",2026-08-12,groupe / entité selon libellé,synthese_documentaire,,SRC0078,https://www.sabenatechnics.com/,A2 - source primaire corporate,documente,
22,22,SABENA TECHNICS,siege_ville,Orly,2026-08-12,France / périmètre corporate indiqué,publie,,SRC0079,https://www.sabenatechnics.com/contact/,A2 - source primaire corporate,documente,
22,22,SABENA TECHNICS,siege_departement,Val-de-Marne,2026-08-12,France / périmètre corporate indiqué,publie,,SRC0079,https://www.sabenatechnics.com/contact/,A2 - source primaire corporate,documente,
22,22,SABENA TECHNICS,siege_region,Île-de-France,2026-08-12,France / périmètre corporate indiqué,publie,,SRC0079,https://www.sabenatechnics.com/contact/,A2 - source primaire corporate,documente,
22,22,SABENA TECHNICS,siege_latitude,48.743,2026-08-12,commune du siège,geocode_centre_commune,,SRC0003,https://www.data.gouv.fr/datasets/communes-et-villes-de-france-en-csv-excel-json-parquet-et-feather,A1 - registre public officiel,documente,
22,22,SABENA TECHNICS,siege_longitude,2.395,2026-08-12,commune du siège,geocode_centre_commune,,SRC0003,https://www.data.gouv.fr/datasets/communes-et-villes-de-france-en-csv-excel-json-parquet-et-feather,A1 - registre public officiel,documente,
22,22,SABENA TECHNICS,effectif_label,Environ 4 000 collaborateurs.,2026-08-12,groupe / entité selon libellé,publie,,SRC0078,https://www.sabenatechnics.com/,A2 - source primaire corporate,approximation_documentee,"Présenter comme ordre de grandeur, jamais comme valeur exacte."
22,22,SABENA TECHNICS,nb_etablissements_france_public_label,"Environ 20 sites au niveau groupe ; le nombre strictement français n’est pas isolé dans tous les supports, mais l’essentiel des capacités historiques du groupe se situe en France.",2026-08-12,France / périmètre corporate indiqué,publie,,SRC0079,https://www.sabenatechnics.com/contact/,A2 - source primaire corporate,approximation_documentee,"Présenter comme ordre de grandeur, jamais comme valeur exacte."
22,22,SABENA TECHNICS,nb_sites_cartographies,10,2026-08-12,référentiel dashboard,calcule_referentiel,nombre de lignes/sites du référentiel initial pour l’entreprise,SRC0004,,M - méthode interne,documente,
22,22,SABENA TECHNICS,nb_regions_cartographiees,5,2026-08-12,référentiel dashboard,calcule_referentiel,nombre de régions distinctes parmi les sites cartographiés,SRC0004,,M - méthode interne,documente,
22,22,SABENA TECHNICS,couverture_cartographique,10 sites cartographiés; total public comparable n.c.,2026-08-12,référentiel dashboard,calcule_referentiel,nb_sites_cartographies / nb_etablissements_france_public lorsque le dénominateur est comparable,SRC0004,,M - méthode interne,documente,
22,22,SABENA TECHNICS,statut_couverture,sites_publics_identifies_non_exhaustivite_juridique,2026-08-12,référentiel dashboard,calcule_referentiel,,SRC0004,,M - méthode interne,documente,
22,22,SABENA TECHNICS,ca_defense_label,Non communiqué séparément ; les activités militaires et gouvernementales représentent une part importante du portefeuille MRO et modifications.,2026-08-12,groupe / entité selon libellé,publie,,SRC0078,https://www.sabenatechnics.com/,A2 - source primaire corporate,non_disponible,Ne pas transformer une absence de publication en estimation.
22,22,SABENA TECHNICS,carnet_commandes_label,"Le groupe emploie environ 4 000 personnes. CA, carnet et ratios financiers 2025 ne sont pas publiés de façon détaillée et homogène ; le groupe privé communique surtout sur sa croissance et ses capacités.",2025,groupe / entité selon libellé,publie,,SRC0078,https://www.sabenatechnics.com/,A2 - source primaire corporate,approximation_documentee,"Présenter comme ordre de grandeur, jamais comme valeur exacte."
22,22,SABENA TECHNICS,indicateurs_financiers_label,"Carnet : n.c. ; Marge/dette : n.c. ; Mix civil/militaire : historiquement équilibré, mais ventilation 2025 non publiée",2025,groupe / entité selon libellé,publie,,SRC0078,https://www.sabenatechnics.com/,A2 - source primaire corporate,documente,
22,22,SABENA TECHNICS,actionnariat,"Depuis 2019, un consortium composé de TowerBrook, Sagard et Bpifrance détient la majorité du capital ; le groupe TAT/famille Marchais demeure actionnaire minoritaire, aux côtés du management. L’actionnariat combine fonds privés et ancrage public français.",2019,capital / contrôle,publie / synthèse actionnariale,,SRC0081,https://www.towerbrook.com/towerbrook-announces-investment-in-sabena-technics/,A2 - source primaire corporate,documente,
22,22,SABENA TECHNICS,programmes,"MCO et modernisation de Falcon gouvernementaux, C-130 et autres flottes étatiques ; intégrations ISR/mission et soutien d’hélicoptères.",2026-08-12,groupe / entité selon libellé,synthese_documentaire,,SRC0078,https://www.sabenatechnics.com/,A2 - source primaire corporate,documente,
22,22,SABENA TECHNICS,code_ape,33.16Z – Réparation et maintenance d’aéronefs et d’engins spatiaux pour l’entité MRO de référence.,2026-08-12,"entité juridique de référence, pas nécessairement tout le groupe",registre_public / synthèse,,SRC0001,https://www.data.gouv.fr/datasets/base-sirene-des-entreprises-et-de-leurs-etablissements-siren-siret,A1 - registre public officiel,documente,
22,22,SABENA TECHNICS,site_web,https://www.sabenatechnics.com/,2026-08-12,groupe / entité selon libellé,metadonnee,,SRC0004,,M - méthode interne,documente,
22,22,SABENA TECHNICS,source_principale,https://www.sabenatechnics.com/,2026-08-12,groupe / entité selon libellé,metadonnee,,SRC0004,,M - méthode interne,documente,
22,22,SABENA TECHNICS,source_implantations,https://www.sabenatechnics.com/contact/,2026-08-12,groupe / entité selon libellé,metadonnee,,SRC0004,,M - méthode interne,documente,
22,22,SABENA TECHNICS,source_coordonnees,https://www.data.gouv.fr/datasets/communes-et-villes-de-france-en-csv-excel-json-parquet-et-feather,2026-08-12,groupe / entité selon libellé,metadonnee,,SRC0004,,M - méthode interne,documente,
22,22,SABENA TECHNICS,perimetre_cartographique,"Implantations françaises industrielles, R&D, MCO, essais et fonctions centrales publiquement identifiables ; ce fichier ne vise pas à reproduire chaque SIRET administratif ou micro-bureau commercial.",2026-08-12,groupe / entité selon libellé,metadonnee,,SRC0004,,M - méthode interne,documente,
22,22,SABENA TECHNICS,date_reference,2026-08-12,2026,groupe / entité selon libellé,metadonnee,,SRC0004,,M - méthode interne,documente,
22,22,SABENA TECHNICS,nb_sites_referentiel_initial,10,2026-08-12,référentiel dashboard,calcule_referentiel,,SRC0004,,M - méthode interne,documente,
22,22,SABENA TECHNICS,nb_lignes_sirene_actives,5,2026-08-12,référentiel dashboard,calcule_referentiel,nombre de lignes rattachées à un établissement SIRENE actif,SRC0004,,M - méthode interne,documente,
22,22,SABENA TECHNICS,nb_nouveaux_etablissements_sirene,1,2026-08-12,référentiel dashboard,calcule_referentiel,nombre de lignes origine_ajout = SIRENE,SRC0004,,M - méthode interne,documente,
22,22,SABENA TECHNICS,nb_sirene_sans_signe_bitd,0,2026-08-12,référentiel dashboard,calcule_referentiel,,SRC0004,,M - méthode interne,documente,
22,22,SABENA TECHNICS,nb_sirene_a_confirmer,1,2026-08-12,référentiel dashboard,calcule_referentiel,,SRC0004,,M - méthode interne,documente,
22,22,SABENA TECHNICS,nb_etablissements_v2_total,11,2026-08-12,référentiel dashboard,calcule_referentiel,nombre total de lignes de l’entreprise dans etablissements.csv V2,SRC0004,,M - méthode interne,documente,
22,22,SABENA TECHNICS,nb_etablissements_affiches_par_defaut,10,2026-08-12,référentiel dashboard,calcule_referentiel,nombre de lignes avec affichage_carte_defaut = true,SRC0004,,M - méthode interne,documente,
22,22,SABENA TECHNICS,couverture_sirene_v2,établissements SIRENE actifs des unités légales opérationnelles identifiées et documentées dans cette V2 ; ne prétend pas couvrir toutes les filiales juridiques du groupe,2026-08-12,référentiel dashboard,calcule_referentiel,,SRC0004,,M - méthode interne,documente,
23,23,ARESIA,id,23,2026-08-12,groupe / entité selon libellé,synthese_documentaire,,SRC0082,https://aresia.com/,A2 - source primaire corporate,documente,
23,23,ARESIA,slug,aresia,2026-08-12,groupe / entité selon libellé,synthese_documentaire,,SRC0082,https://aresia.com/,A2 - source primaire corporate,documente,
23,23,ARESIA,entreprise,ARESIA,2026-08-12,groupe / entité selon libellé,synthese_documentaire,,SRC0082,https://aresia.com/,A2 - source primaire corporate,documente,
23,23,ARESIA,categorie,Équipementier / ETI stratégique,2026-08-12,groupe / entité selon libellé,synthese_documentaire,,SRC0082,https://aresia.com/,A2 - source primaire corporate,documente,
23,23,ARESIA,secteur_principal,Équipements aéronautiques,2026-08-12,groupe / entité selon libellé,synthese_documentaire,,SRC0082,https://aresia.com/,A2 - source primaire corporate,documente,
23,23,ARESIA,specialite,"Équipements de mission, emports, réservoirs et moyens d’entraînement aéronautiques",2026-08-12,groupe / entité selon libellé,synthese_documentaire,,SRC0082,https://aresia.com/,A2 - source primaire corporate,documente,
23,23,ARESIA,secteurs,"Aéronautique militaire, équipements de mission, emports, réservoirs, moyens sol, entraînement.",2026-08-12,groupe / entité selon libellé,synthese_documentaire,,SRC0082,https://aresia.com/,A2 - source primaire corporate,documente,
23,23,ARESIA,description,"Aresia est une ETI française spécialisée dans les équipements de mission aéronautiques, les systèmes d’emport, les réservoirs, les équipements au sol et certaines solutions d’entraînement. Elle fournit des programmes militaires français et internationaux, notamment dans l’aviation de combat et de patrouille. Son positionnement sur des équipements qualifiés, souvent à forte exigence de sûreté et d’endurance, en fait un équipementier stratégique de la filière aéronautique de défense.",2026-08-12,groupe / entité selon libellé,synthese_documentaire,,SRC0082,https://aresia.com/,A2 - source primaire corporate,documente,
23,23,ARESIA,siege_ville,Villeneuve-la-Garenne,2026-08-12,France / périmètre corporate indiqué,publie,,SRC0083,https://aresia.com/,A2 - source primaire corporate,documente,
23,23,ARESIA,siege_departement,Hauts-de-Seine,2026-08-12,France / périmètre corporate indiqué,publie,,SRC0083,https://aresia.com/,A2 - source primaire corporate,documente,
23,23,ARESIA,siege_region,Île-de-France,2026-08-12,France / périmètre corporate indiqué,publie,,SRC0083,https://aresia.com/,A2 - source primaire corporate,documente,
23,23,ARESIA,siege_latitude,48.936,2026-08-12,commune du siège,geocode_centre_commune,,SRC0003,https://www.data.gouv.fr/datasets/communes-et-villes-de-france-en-csv-excel-json-parquet-et-feather,A1 - registre public officiel,documente,
23,23,ARESIA,siege_longitude,2.324,2026-08-12,commune du siège,geocode_centre_commune,,SRC0003,https://www.data.gouv.fr/datasets/communes-et-villes-de-france-en-csv-excel-json-parquet-et-feather,A1 - registre public officiel,documente,
23,23,ARESIA,effectif_label,Environ 690 collaborateurs sur la dernière base RSE publique détaillée ; effectif défense non séparé.,2026-08-12,groupe / entité selon libellé,publie,,SRC0082,https://aresia.com/,A2 - source primaire corporate,approximation_documentee,"Présenter comme ordre de grandeur, jamais comme valeur exacte."
23,23,ARESIA,nb_etablissements_france_public,14,2026-08-12,France / périmètre corporate indiqué,publie,,SRC0083,https://aresia.com/,A2 - source primaire corporate,documente,
23,23,ARESIA,nb_etablissements_france_public_label,14 sites en France listés par ARESIA,2026-08-12,France / périmètre corporate indiqué,publie,,SRC0083,https://aresia.com/,A2 - source primaire corporate,à revalider,"Le CSV indique 14 sites en France. La page RSE ARESIA mentionne 13 sites, tandis que la page Contact liste 14 implantations/adresses. Définir le périmètre exact (sites opérationnels vs implantations/contact) et afficher le libellé correspondant plutôt qu’un nombre ambigu."
23,23,ARESIA,nb_sites_cartographies,14,2026-08-12,référentiel dashboard,calcule_referentiel,nombre de lignes/sites du référentiel initial pour l’entreprise,SRC0004,,M - méthode interne,documente,
23,23,ARESIA,nb_regions_cartographiees,8,2026-08-12,référentiel dashboard,calcule_referentiel,nombre de régions distinctes parmi les sites cartographiés,SRC0004,,M - méthode interne,documente,
23,23,ARESIA,couverture_cartographique,14/14 (100%),2026-08-12,référentiel dashboard,calcule_referentiel,nb_sites_cartographies / nb_etablissements_france_public lorsque le dénominateur est comparable,SRC0004,,M - méthode interne,documente,
23,23,ARESIA,statut_couverture,couverture_complete,2026-08-12,référentiel dashboard,calcule_referentiel,,SRC0004,,M - méthode interne,documente,
23,23,ARESIA,ca_defense_label,Non communiqué séparément ; la défense et l’aéronautique militaire constituent un axe majeur du portefeuille.,2026-08-12,groupe / entité selon libellé,publie,,SRC0082,https://aresia.com/,A2 - source primaire corporate,non_disponible,Ne pas transformer une absence de publication en estimation.
23,23,ARESIA,carnet_commandes_label,"CA, carnet et ratios financiers 2025 : non communiqués publiquement de façon suffisamment standardisée pour un calcul fiable.",2025,groupe / entité selon libellé,publie,,SRC0082,https://aresia.com/,A2 - source primaire corporate,documente_avec_limite_perimetre,"Une valeur est publiée, mais un sous-périmètre associé est explicitement non communiqué ; conserver cette nuance dans l’interface."
23,23,ARESIA,indicateurs_financiers_label,Marge/dette : n.c. ; Carnet : n.c. ; Exposition Défense : structurellement élevée,2026-08-12,groupe / entité selon libellé,publie,,SRC0082,https://aresia.com/,A2 - source primaire corporate,documente,
23,23,ARESIA,actionnariat,"HLD Europe détient une participation majoritaire (environ 60 % lors de l’opération de référence), aux côtés notamment de Tikehau Capital/ACE, Étoile Capital, BNP Paribas Développement et du management.",2026-08-12,capital / contrôle,publie / synthèse actionnariale,,SRC0082,https://aresia.com/,A2 - source primaire corporate,approximation_documentee,"Présenter comme ordre de grandeur, jamais comme valeur exacte."
23,23,ARESIA,programmes,"Équipements ou sous-ensembles pour Rafale, Mirage 2000, ATL2, NH90 et autres plateformes militaires ; systèmes d’emport et de mission.",2000,groupe / entité selon libellé,synthese_documentaire,,SRC0082,https://aresia.com/,A2 - source primaire corporate,documente,
23,23,ARESIA,code_ape,"Selon l’entité industrielle, l’activité relève principalement de la construction aéronautique et spatiale (30.30Z) ou de la mécanique spécialisée ; à vérifier au SIRET de marché.",2026-08-12,"entité juridique de référence, pas nécessairement tout le groupe",registre_public / synthèse,,SRC0001,https://www.data.gouv.fr/datasets/base-sirene-des-entreprises-et-de-leurs-etablissements-siren-siret,A1 - registre public officiel,documente,
23,23,ARESIA,site_web,https://aresia.com/,2026-08-12,groupe / entité selon libellé,metadonnee,,SRC0004,,M - méthode interne,documente,
23,23,ARESIA,source_principale,https://aresia.com/,2026-08-12,groupe / entité selon libellé,metadonnee,,SRC0004,,M - méthode interne,documente,
23,23,ARESIA,source_implantations,https://aresia.com/,2026-08-12,groupe / entité selon libellé,metadonnee,,SRC0004,,M - méthode interne,documente,
23,23,ARESIA,source_coordonnees,https://www.data.gouv.fr/datasets/communes-et-villes-de-france-en-csv-excel-json-parquet-et-feather,2026-08-12,groupe / entité selon libellé,metadonnee,,SRC0004,,M - méthode interne,documente,
23,23,ARESIA,perimetre_cartographique,"Implantations françaises industrielles, R&D, MCO, essais et fonctions centrales publiquement identifiables ; ce fichier ne vise pas à reproduire chaque SIRET administratif ou micro-bureau commercial.",2026-08-12,groupe / entité selon libellé,metadonnee,,SRC0004,,M - méthode interne,documente,
23,23,ARESIA,date_reference,2026-08-12,2026,groupe / entité selon libellé,metadonnee,,SRC0004,,M - méthode interne,documente,
23,23,ARESIA,nb_sites_referentiel_initial,14,2026-08-12,référentiel dashboard,calcule_referentiel,,SRC0004,,M - méthode interne,documente,
23,23,ARESIA,nb_lignes_sirene_actives,12,2026-08-12,référentiel dashboard,calcule_referentiel,nombre de lignes rattachées à un établissement SIRENE actif,SRC0004,,M - méthode interne,documente,
23,23,ARESIA,nb_nouveaux_etablissements_sirene,3,2026-08-12,référentiel dashboard,calcule_referentiel,nombre de lignes origine_ajout = SIRENE,SRC0004,,M - méthode interne,documente,
23,23,ARESIA,nb_sirene_sans_signe_bitd,0,2026-08-12,référentiel dashboard,calcule_referentiel,,SRC0004,,M - méthode interne,documente,
23,23,ARESIA,nb_sirene_a_confirmer,3,2026-08-12,référentiel dashboard,calcule_referentiel,,SRC0004,,M - méthode interne,documente,
23,23,ARESIA,nb_etablissements_v2_total,17,2026-08-12,référentiel dashboard,calcule_referentiel,nombre total de lignes de l’entreprise dans etablissements.csv V2,SRC0004,,M - méthode interne,documente,
23,23,ARESIA,nb_etablissements_affiches_par_defaut,16,2026-08-12,référentiel dashboard,calcule_referentiel,nombre de lignes avec affichage_carte_defaut = true,SRC0004,,M - méthode interne,documente,
23,23,ARESIA,couverture_sirene_v2,établissements SIRENE actifs des unités légales opérationnelles identifiées et documentées dans cette V2 ; ne prétend pas couvrir toutes les filiales juridiques du groupe,2026-08-12,référentiel dashboard,calcule_referentiel,,SRC0004,,M - méthode interne,documente,
24,24,ETIENNE LACROIX GROUP,id,24,2026-08-12,groupe / entité selon libellé,synthese_documentaire,,SRC0086,https://www.etienne-lacroix.com/,A2 - source primaire corporate,documente,
24,24,ETIENNE LACROIX GROUP,slug,etienne-lacroix-group,2026-08-12,groupe / entité selon libellé,synthese_documentaire,,SRC0086,https://www.etienne-lacroix.com/,A2 - source primaire corporate,documente,
24,24,ETIENNE LACROIX GROUP,entreprise,ETIENNE LACROIX GROUP,2026-08-12,groupe / entité selon libellé,synthese_documentaire,,SRC0086,https://www.etienne-lacroix.com/,A2 - source primaire corporate,documente,
24,24,ETIENNE LACROIX GROUP,categorie,Équipementier / ETI stratégique,2026-08-12,groupe / entité selon libellé,synthese_documentaire,,SRC0086,https://www.etienne-lacroix.com/,A2 - source primaire corporate,documente,
24,24,ETIENNE LACROIX GROUP,secteur_principal,Pyrotechnie & munitions,2026-08-12,groupe / entité selon libellé,synthese_documentaire,,SRC0086,https://www.etienne-lacroix.com/,A2 - source primaire corporate,documente,
24,24,ETIENNE LACROIX GROUP,specialite,"Pyrotechnie, contre-mesures, protection et munitions spécialisées",2026-08-12,groupe / entité selon libellé,synthese_documentaire,,SRC0086,https://www.etienne-lacroix.com/,A2 - source primaire corporate,documente,
24,24,ETIENNE LACROIX GROUP,secteurs,"Pyrotechnie, munitions, contre-mesures, protection de plateformes, leurres, signalisation tactique.",2026-08-12,groupe / entité selon libellé,synthese_documentaire,,SRC0086,https://www.etienne-lacroix.com/,A2 - source primaire corporate,documente,
24,24,ETIENNE LACROIX GROUP,description,"Étienne Lacroix Group est un groupe français de pyrotechnie et de systèmes de défense, actif dans les contre-mesures aéronautiques et navales, la protection de véhicules et les effets pyrotechniques spécialisés. Ses filiales, dont Lacroix Defense et Alsetex, fournissent les forces françaises et de nombreux clients export. Le groupe possède des savoir-faire souverains en formulations énergétiques, leurres, systèmes de protection et pyrotechnie militaire.",2026-08-12,groupe / entité selon libellé,synthese_documentaire,,SRC0086,https://www.etienne-lacroix.com/,A2 - source primaire corporate,documente,
24,24,ETIENNE LACROIX GROUP,siege_ville,Muret,2026-08-12,France / périmètre corporate indiqué,publie,,SRC0087,https://www.etienne-lacroix.com/recrutement.php,A2 - source primaire corporate,documente,
24,24,ETIENNE LACROIX GROUP,siege_departement,Haute-Garonne,2026-08-12,France / périmètre corporate indiqué,publie,,SRC0087,https://www.etienne-lacroix.com/recrutement.php,A2 - source primaire corporate,documente,
24,24,ETIENNE LACROIX GROUP,siege_region,Occitanie,2026-08-12,France / périmètre corporate indiqué,publie,,SRC0087,https://www.etienne-lacroix.com/recrutement.php,A2 - source primaire corporate,documente,
24,24,ETIENNE LACROIX GROUP,siege_latitude,43.449,2026-08-12,commune du siège,geocode_centre_commune,,SRC0003,https://www.data.gouv.fr/datasets/communes-et-villes-de-france-en-csv-excel-json-parquet-et-feather,A1 - registre public officiel,documente,
24,24,ETIENNE LACROIX GROUP,siege_longitude,1.308,2026-08-12,commune du siège,geocode_centre_commune,,SRC0003,https://www.data.gouv.fr/datasets/communes-et-villes-de-france-en-csv-excel-json-parquet-et-feather,A1 - registre public officiel,documente,
24,24,ETIENNE LACROIX GROUP,effectif_label,Environ 930 collaborateurs.,2026-08-12,groupe / entité selon libellé,publie,,SRC0086,https://www.etienne-lacroix.com/,A2 - source primaire corporate,approximation_documentee,"Présenter comme ordre de grandeur, jamais comme valeur exacte."
24,24,ETIENNE LACROIX GROUP,nb_etablissements_france_public_label,Le groupe dispose de plusieurs sites industriels français ; le décompte juridique varie selon les filiales. Au moins 4 pôles majeurs structurent les activités défense.,2026-08-12,France / périmètre corporate indiqué,publie,,SRC0087,https://www.etienne-lacroix.com/recrutement.php,A2 - source primaire corporate,documente,
24,24,ETIENNE LACROIX GROUP,nb_sites_cartographies,6,2026-08-12,référentiel dashboard,calcule_referentiel,nombre de lignes/sites du référentiel initial pour l’entreprise,SRC0004,,M - méthode interne,documente,
24,24,ETIENNE LACROIX GROUP,nb_regions_cartographiees,4,2026-08-12,référentiel dashboard,calcule_referentiel,nombre de régions distinctes parmi les sites cartographiés,SRC0004,,M - méthode interne,documente,
24,24,ETIENNE LACROIX GROUP,couverture_cartographique,6 sites cartographiés; total public comparable n.c.,2026-08-12,référentiel dashboard,calcule_referentiel,nb_sites_cartographies / nb_etablissements_france_public lorsque le dénominateur est comparable,SRC0004,,M - méthode interne,documente,
24,24,ETIENNE LACROIX GROUP,statut_couverture,sites_publics_identifies_non_exhaustivite_juridique,2026-08-12,référentiel dashboard,calcule_referentiel,,SRC0004,,M - méthode interne,documente,
24,24,ETIENNE LACROIX GROUP,ca_defense_label,"Non communiqué séparément. Chiffre d’affaires groupe récent d’environ 173 M€, avec une part significative réalisée à l’export et une forte dominante défense/sécurité dans plusieurs filiales.",2026-08-12,groupe / entité selon libellé,publie,,SRC0086,https://www.etienne-lacroix.com/,A2 - source primaire corporate,documente_avec_limite_perimetre,"Une valeur est publiée, mais un sous-périmètre associé est explicitement non communiqué ; conserver cette nuance dans l’interface."
24,24,ETIENNE LACROIX GROUP,carnet_commandes_label,"CA 2025 173 M€, export 81 M€ (près de 50 %). Carnet et marges ne sont pas publiés de manière détaillée.",2025,groupe / entité selon libellé,publie,,SRC0086,https://www.etienne-lacroix.com/,A2 - source primaire corporate,documente,
24,24,ETIENNE LACROIX GROUP,indicateurs_financiers_label,"Export / CA : ~46,8 % ; Carnet : n.c. ; Marge/dette : n.c.",2026-08-12,groupe / entité selon libellé,publie,,SRC0086,https://www.etienne-lacroix.com/,A2 - source primaire corporate,approximation_documentee,"Présenter comme ordre de grandeur, jamais comme valeur exacte."
24,24,ETIENNE LACROIX GROUP,actionnariat,"Capital 100 % familial depuis plus de 175 ans, dirigé par les descendants du fondateur. Groupe indépendant et non coté.",2026-08-12,capital / contrôle,publie / synthèse actionnariale,,SRC0086,https://www.etienne-lacroix.com/,A2 - source primaire corporate,documente,
24,24,ETIENNE LACROIX GROUP,programmes,"Système de protection GALIX, contre-mesures aéronautiques et navales, lance-leurres et effets pyrotechniques pour plateformes terrestres, aériennes et maritimes.",2026-08-12,groupe / entité selon libellé,synthese_documentaire,,SRC0086,https://www.etienne-lacroix.com/,A2 - source primaire corporate,documente,
24,24,ETIENNE LACROIX GROUP,code_ape,Pour les principales activités pyrotechniques : 20.51Z – Fabrication de produits explosifs ; le groupe comprend plusieurs unités légales.,2026-08-12,"entité juridique de référence, pas nécessairement tout le groupe",registre_public / synthèse,,SRC0001,https://www.data.gouv.fr/datasets/base-sirene-des-entreprises-et-de-leurs-etablissements-siren-siret,A1 - registre public officiel,documente,
24,24,ETIENNE LACROIX GROUP,site_web,https://www.etienne-lacroix.com/,2026-08-12,groupe / entité selon libellé,metadonnee,,SRC0004,,M - méthode interne,documente,
24,24,ETIENNE LACROIX GROUP,source_principale,https://www.etienne-lacroix.com/,2026-08-12,groupe / entité selon libellé,metadonnee,,SRC0004,,M - méthode interne,documente,
24,24,ETIENNE LACROIX GROUP,source_implantations,https://www.etienne-lacroix.com/recrutement.php,2026-08-12,groupe / entité selon libellé,metadonnee,,SRC0004,,M - méthode interne,documente,
24,24,ETIENNE LACROIX GROUP,source_coordonnees,https://www.data.gouv.fr/datasets/communes-et-villes-de-france-en-csv-excel-json-parquet-et-feather,2026-08-12,groupe / entité selon libellé,metadonnee,,SRC0004,,M - méthode interne,documente,
24,24,ETIENNE LACROIX GROUP,perimetre_cartographique,"Implantations françaises industrielles, R&D, MCO, essais et fonctions centrales publiquement identifiables ; ce fichier ne vise pas à reproduire chaque SIRET administratif ou micro-bureau commercial.",2026-08-12,groupe / entité selon libellé,metadonnee,,SRC0004,,M - méthode interne,documente,
24,24,ETIENNE LACROIX GROUP,date_reference,2026-08-12,2026,groupe / entité selon libellé,metadonnee,,SRC0004,,M - méthode interne,documente,
24,24,ETIENNE LACROIX GROUP,nb_sites_referentiel_initial,6,2026-08-12,référentiel dashboard,calcule_referentiel,,SRC0004,,M - méthode interne,documente,
24,24,ETIENNE LACROIX GROUP,nb_lignes_sirene_actives,8,2026-08-12,référentiel dashboard,calcule_referentiel,nombre de lignes rattachées à un établissement SIRENE actif,SRC0004,,M - méthode interne,documente,
24,24,ETIENNE LACROIX GROUP,nb_nouveaux_etablissements_sirene,5,2026-08-12,référentiel dashboard,calcule_referentiel,nombre de lignes origine_ajout = SIRENE,SRC0004,,M - méthode interne,documente,
24,24,ETIENNE LACROIX GROUP,nb_sirene_sans_signe_bitd,0,2026-08-12,référentiel dashboard,calcule_referentiel,,SRC0004,,M - méthode interne,documente,
24,24,ETIENNE LACROIX GROUP,nb_sirene_a_confirmer,3,2026-08-12,référentiel dashboard,calcule_referentiel,,SRC0004,,M - méthode interne,documente,
24,24,ETIENNE LACROIX GROUP,nb_etablissements_v2_total,11,2026-08-12,référentiel dashboard,calcule_referentiel,nombre total de lignes de l’entreprise dans etablissements.csv V2,SRC0004,,M - méthode interne,documente,
24,24,ETIENNE LACROIX GROUP,nb_etablissements_affiches_par_defaut,11,2026-08-12,référentiel dashboard,calcule_referentiel,nombre de lignes avec affichage_carte_defaut = true,SRC0004,,M - méthode interne,documente,
24,24,ETIENNE LACROIX GROUP,couverture_sirene_v2,établissements SIRENE actifs des unités légales opérationnelles identifiées et documentées dans cette V2 ; ne prétend pas couvrir toutes les filiales juridiques du groupe,2026-08-12,référentiel dashboard,calcule_referentiel,,SRC0004,,M - méthode interne,documente,
25,25,ALCEN,id,25,2026-08-12,groupe / entité selon libellé,synthese_documentaire,,SRC0090,https://www.alcen.com/,A2 - source primaire corporate,documente,
25,25,ALCEN,slug,alcen,2026-08-12,groupe / entité selon libellé,synthese_documentaire,,SRC0090,https://www.alcen.com/,A2 - source primaire corporate,documente,
25,25,ALCEN,entreprise,ALCEN,2026-08-12,groupe / entité selon libellé,synthese_documentaire,,SRC0090,https://www.alcen.com/,A2 - source primaire corporate,documente,
25,25,ALCEN,categorie,Équipementier / ETI stratégique,2026-08-12,groupe / entité selon libellé,synthese_documentaire,,SRC0090,https://www.alcen.com/,A2 - source primaire corporate,documente,
25,25,ALCEN,secteur_principal,Technologies & systèmes,2026-08-12,groupe / entité selon libellé,synthese_documentaire,,SRC0090,https://www.alcen.com/,A2 - source primaire corporate,documente,
25,25,ALCEN,specialite,"Technologies de défense, robotique sous-marine, vision, composants et systèmes stratégiques",2026-08-12,groupe / entité selon libellé,synthese_documentaire,,SRC0090,https://www.alcen.com/,A2 - source primaire corporate,documente,
25,25,ALCEN,secteurs,"Naval et sous-marin, robotique, vision/optronique, composants mécaniques et électroniques, ingénierie, nucléaire, anti-drones.",2026-08-12,groupe / entité selon libellé,synthese_documentaire,,SRC0090,https://www.alcen.com/,A2 - source primaire corporate,documente,
25,25,ALCEN,description,"ALCEN est un groupe industriel français de hautes technologies historiquement construit autour de besoins critiques de défense avant de se diversifier vers l’énergie, le médical et les grands instruments scientifiques. Ses filiales couvrent notamment la robotique sous-marine, l’acoustique, les systèmes de vision, les composants mécaniques et électroniques, l’ingénierie de systèmes nucléarisés et certaines technologies de neutralisation. Cette organisation multi-spécialités lui permet de fournir des briques souveraines difficiles à substituer dans le naval, l’optronique et les systèmes stratégiques.",2026-08-12,groupe / entité selon libellé,synthese_documentaire,,SRC0090,https://www.alcen.com/,A2 - source primaire corporate,documente,
25,25,ALCEN,siege_ville,Paris,2026-08-12,France / périmètre corporate indiqué,publie,,SRC0090,https://www.alcen.com/,A2 - source primaire corporate,documente,
25,25,ALCEN,siege_departement,Paris,2026-08-12,France / périmètre corporate indiqué,publie,,SRC0090,https://www.alcen.com/,A2 - source primaire corporate,documente,
25,25,ALCEN,siege_region,Île-de-France,2026-08-12,France / périmètre corporate indiqué,publie,,SRC0090,https://www.alcen.com/,A2 - source primaire corporate,documente,
25,25,ALCEN,siege_latitude,48.8589,2026-08-12,commune du siège,geocode_centre_commune,,SRC0003,https://www.data.gouv.fr/datasets/communes-et-villes-de-france-en-csv-excel-json-parquet-et-feather,A1 - registre public officiel,documente,
25,25,ALCEN,siege_longitude,2.347,2026-08-12,commune du siège,geocode_centre_commune,,SRC0003,https://www.data.gouv.fr/datasets/communes-et-villes-de-france-en-csv-excel-json-parquet-et-feather,A1 - registre public officiel,documente,
25,25,ALCEN,effectif_label,Le groupe ne publie pas un effectif consolidé annuel aussi standardisé qu’une société cotée ; les bases professionnelles récentes situent l’ordre de grandeur autour de 1 000 collaborateurs. Les effectifs défense ne sont pas ventilés.,2026-08-12,groupe / entité selon libellé,publie,,SRC0090,https://www.alcen.com/,A2 - source primaire corporate,à revalider / masquer,L’ordre de grandeur ~1 000 collaborateurs repose sur des bases professionnelles et non sur une publication consolidée suffisamment précise du groupe. Ne pas afficher comme chiffre exact ; conserver « non communiqué consolidé » tant qu’une source primaire n’est pas trouvée.
25,25,ALCEN,nb_etablissements_france_public_label,Nombre consolidé de sites France non communiqué ; ALCEN regroupe de nombreuses filiales industrielles implantées sur plusieurs bassins.,2026-08-12,France / périmètre corporate indiqué,publie,,SRC0090,https://www.alcen.com/,A2 - source primaire corporate,non_disponible,Ne pas transformer une absence de publication en estimation.
25,25,ALCEN,nb_sites_cartographies,10,2026-08-12,référentiel dashboard,calcule_referentiel,nombre de lignes/sites du référentiel initial pour l’entreprise,SRC0004,,M - méthode interne,documente,
25,25,ALCEN,nb_regions_cartographiees,5,2026-08-12,référentiel dashboard,calcule_referentiel,nombre de régions distinctes parmi les sites cartographiés,SRC0004,,M - méthode interne,documente,
25,25,ALCEN,couverture_cartographique,10 sites cartographiés; total public comparable n.c.,2026-08-12,référentiel dashboard,calcule_referentiel,nb_sites_cartographies / nb_etablissements_france_public lorsque le dénominateur est comparable,SRC0004,,M - méthode interne,documente,
25,25,ALCEN,statut_couverture,sites_publics_identifies_non_exhaustivite_juridique,2026-08-12,référentiel dashboard,calcule_referentiel,,SRC0004,,M - méthode interne,documente,
25,25,ALCEN,ca_defense_label,"Non communiqué séparément ; la défense est l’un des domaines historiques et structurants du groupe, mais le portefeuille est aujourd’hui diversifié.",2026-08-12,groupe / entité selon libellé,publie,,SRC0090,https://www.alcen.com/,A2 - source primaire corporate,non_disponible,Ne pas transformer une absence de publication en estimation.
25,25,ALCEN,carnet_commandes_label,"CA consolidé, carnet, marge et dette : non communiqués publiquement de façon homogène. L’analyse doit donc s’appuyer sur les comptes des filiales pertinentes et les données contractuelles disponibles lors de la relation fournisseur.",2026-08-12,groupe / entité selon libellé,publie,,SRC0090,https://www.alcen.com/,A2 - source primaire corporate,non_disponible,Ne pas transformer une absence de publication en estimation.
25,25,ALCEN,indicateurs_financiers_label,Carnet : n.c. ; Marge/dette groupe : n.c. ; Données à analyser filiale par filiale,2026-08-12,groupe / entité selon libellé,publie,,SRC0090,https://www.alcen.com/,A2 - source primaire corporate,documente,
25,25,ALCEN,actionnariat,"Groupe privé français indépendant, non coté. La répartition détaillée du capital n’est pas publiée de façon standard ; le contrôle est historiquement entrepreneurial/management français.",2026-08-12,capital / contrôle,publie / synthèse actionnariale,,SRC0090,https://www.alcen.com/,A2 - source primaire corporate,documente,
25,25,ALCEN,programmes,"Systèmes pour bâtiments et sous-marins de la Marine nationale, robotique sous-marine, surveillance maritime, vision embarquée, équipements pour environnements nucléarisés et technologies de lutte anti-drones.",2026-08-12,groupe / entité selon libellé,synthese_documentaire,,SRC0090,https://www.alcen.com/,A2 - source primaire corporate,approximation_documentee,"Présenter comme ordre de grandeur, jamais comme valeur exacte."
25,25,ALCEN,code_ape,64.20Z – Activités des sociétés holding pour ALCEN SAS (entité de tête) ; les filiales industrielles disposent de codes APE métiers.,2026-08-12,"entité juridique de référence, pas nécessairement tout le groupe",registre_public / synthèse,,SRC0001,https://www.data.gouv.fr/datasets/base-sirene-des-entreprises-et-de-leurs-etablissements-siren-siret,A1 - registre public officiel,documente,
25,25,ALCEN,site_web,https://www.alcen.com/,2026-08-12,groupe / entité selon libellé,metadonnee,,SRC0004,,M - méthode interne,documente,
25,25,ALCEN,source_principale,https://www.alcen.com/,2026-08-12,groupe / entité selon libellé,metadonnee,,SRC0004,,M - méthode interne,documente,
25,25,ALCEN,source_implantations,https://www.alcen.com/,2026-08-12,groupe / entité selon libellé,metadonnee,,SRC0004,,M - méthode interne,documente,
25,25,ALCEN,source_coordonnees,https://www.data.gouv.fr/datasets/communes-et-villes-de-france-en-csv-excel-json-parquet-et-feather,2026-08-12,groupe / entité selon libellé,metadonnee,,SRC0004,,M - méthode interne,documente,
25,25,ALCEN,perimetre_cartographique,"Implantations françaises industrielles, R&D, MCO, essais et fonctions centrales publiquement identifiables ; ce fichier ne vise pas à reproduire chaque SIRET administratif ou micro-bureau commercial.",2026-08-12,groupe / entité selon libellé,metadonnee,,SRC0004,,M - méthode interne,documente,
25,25,ALCEN,date_reference,2026-08-12,2026,groupe / entité selon libellé,metadonnee,,SRC0004,,M - méthode interne,documente,
25,25,ALCEN,nb_sites_referentiel_initial,10,2026-08-12,référentiel dashboard,calcule_referentiel,,SRC0004,,M - méthode interne,documente,
25,25,ALCEN,nb_lignes_sirene_actives,1,2026-08-12,référentiel dashboard,calcule_referentiel,nombre de lignes rattachées à un établissement SIRENE actif,SRC0004,,M - méthode interne,documente,
25,25,ALCEN,nb_nouveaux_etablissements_sirene,0,2026-08-12,référentiel dashboard,calcule_referentiel,nombre de lignes origine_ajout = SIRENE,SRC0004,,M - méthode interne,documente,
25,25,ALCEN,nb_sirene_sans_signe_bitd,0,2026-08-12,référentiel dashboard,calcule_referentiel,,SRC0004,,M - méthode interne,documente,
25,25,ALCEN,nb_sirene_a_confirmer,0,2026-08-12,référentiel dashboard,calcule_referentiel,,SRC0004,,M - méthode interne,documente,
25,25,ALCEN,nb_etablissements_v2_total,10,2026-08-12,référentiel dashboard,calcule_referentiel,nombre total de lignes de l’entreprise dans etablissements.csv V2,SRC0004,,M - méthode interne,documente,
25,25,ALCEN,nb_etablissements_affiches_par_defaut,9,2026-08-12,référentiel dashboard,calcule_referentiel,nombre de lignes avec affichage_carte_defaut = true,SRC0004,,M - méthode interne,documente,
25,25,ALCEN,couverture_sirene_v2,établissements SIRENE actifs des unités légales opérationnelles identifiées et documentées dans cette V2 ; ne prétend pas couvrir toutes les filiales juridiques du groupe,2026-08-12,référentiel dashboard,calcule_referentiel,,SRC0004,,M - méthode interne,documente,
26,26,PIRIOU / KERSHIP,id,26,2026-08-12,groupe / entité selon libellé,synthese_documentaire,,SRC0091,https://www.piriou.com/,A2 - source primaire corporate,documente,
26,26,PIRIOU / KERSHIP,slug,piriou-kership,2026-08-12,groupe / entité selon libellé,synthese_documentaire,,SRC0091,https://www.piriou.com/,A2 - source primaire corporate,documente,
26,26,PIRIOU / KERSHIP,entreprise,PIRIOU / KERSHIP,2026-08-12,groupe / entité selon libellé,synthese_documentaire,,SRC0091,https://www.piriou.com/,A2 - source primaire corporate,documente,
26,26,PIRIOU / KERSHIP,categorie,Équipementier / ETI stratégique,2026-08-12,groupe / entité selon libellé,synthese_documentaire,,SRC0091,https://www.piriou.com/,A2 - source primaire corporate,documente,
26,26,PIRIOU / KERSHIP,secteur_principal,Naval,2026-08-12,groupe / entité selon libellé,synthese_documentaire,,SRC0091,https://www.piriou.com/,A2 - source primaire corporate,documente,
26,26,PIRIOU / KERSHIP,specialite,"Patrouilleurs, navires de soutien et bâtiments d’action de l’État",2026-08-12,groupe / entité selon libellé,synthese_documentaire,,SRC0091,https://www.piriou.com/,A2 - source primaire corporate,documente,
26,26,PIRIOU / KERSHIP,secteurs,"Construction navale militaire, patrouilleurs, soutien, action de l’État, guerre des mines, MCO.",2026-08-12,groupe / entité selon libellé,synthese_documentaire,,SRC0091,https://www.piriou.com/,A2 - source primaire corporate,documente,
26,26,PIRIOU / KERSHIP,description,"Piriou est un constructeur naval français diversifié qui, avec Kership – coentreprise avec Naval Group –, adresse les navires militaires et d’action de l’État. Le groupe conçoit, construit et soutient patrouilleurs, bâtiments de soutien, navires hydrographiques ou plateformes spécialisées. Sa capacité à produire des unités de taille intermédiaire sur des chantiers français complète celle des grands maîtres d’œuvre et constitue un outil souverain pour le renouvellement des flottes.",2026-08-12,groupe / entité selon libellé,synthese_documentaire,,SRC0091,https://www.piriou.com/,A2 - source primaire corporate,documente,
26,26,PIRIOU / KERSHIP,siege_ville,Concarneau,2026-08-12,France / périmètre corporate indiqué,publie,,SRC0092,https://www.piriou.com/nos-implantations/,A2 - source primaire corporate,documente,
26,26,PIRIOU / KERSHIP,siege_departement,Finistère,2026-08-12,France / périmètre corporate indiqué,publie,,SRC0092,https://www.piriou.com/nos-implantations/,A2 - source primaire corporate,documente,
26,26,PIRIOU / KERSHIP,siege_region,Bretagne,2026-08-12,France / périmètre corporate indiqué,publie,,SRC0092,https://www.piriou.com/nos-implantations/,A2 - source primaire corporate,documente,
26,26,PIRIOU / KERSHIP,siege_latitude,47.897,2026-08-12,commune du siège,geocode_centre_commune,,SRC0003,https://www.data.gouv.fr/datasets/communes-et-villes-de-france-en-csv-excel-json-parquet-et-feather,A1 - registre public officiel,documente,
26,26,PIRIOU / KERSHIP,siege_longitude,-3.907,2026-08-12,commune du siège,geocode_centre_commune,,SRC0003,https://www.data.gouv.fr/datasets/communes-et-villes-de-france-en-csv-excel-json-parquet-et-feather,A1 - registre public officiel,documente,
26,26,PIRIOU / KERSHIP,effectif_label,Environ 1 400 collaborateurs pour le groupe Piriou sur les données 2025 ; Kership dispose d’équipes dédiées complémentaires.,2025,groupe / entité selon libellé,publie,,SRC0091,https://www.piriou.com/,A2 - source primaire corporate,approximation_documentee,"Présenter comme ordre de grandeur, jamais comme valeur exacte."
26,26,PIRIOU / KERSHIP,nb_etablissements_france_public_label,"Plusieurs implantations françaises ; les 3 grands pôles navals de référence sont Concarneau, Lorient/Lanester et Brest, avec des entités de service associées.",2026-08-12,France / périmètre corporate indiqué,publie,,SRC0092,https://www.piriou.com/nos-implantations/,A2 - source primaire corporate,documente,
26,26,PIRIOU / KERSHIP,nb_sites_cartographies,4,2026-08-12,référentiel dashboard,calcule_referentiel,nombre de lignes/sites du référentiel initial pour l’entreprise,SRC0004,,M - méthode interne,documente,
26,26,PIRIOU / KERSHIP,nb_regions_cartographiees,1,2026-08-12,référentiel dashboard,calcule_referentiel,nombre de régions distinctes parmi les sites cartographiés,SRC0004,,M - méthode interne,documente,
26,26,PIRIOU / KERSHIP,couverture_cartographique,4 sites cartographiés; total public comparable n.c.,2026-08-12,référentiel dashboard,calcule_referentiel,nb_sites_cartographies / nb_etablissements_france_public lorsque le dénominateur est comparable,SRC0004,,M - méthode interne,documente,
26,26,PIRIOU / KERSHIP,statut_couverture,sites_publics_identifies_non_exhaustivite_juridique,2026-08-12,référentiel dashboard,calcule_referentiel,,SRC0004,,M - méthode interne,documente,
26,26,PIRIOU / KERSHIP,ca_defense_label,Non communiqué séparément. Chiffre d’affaires Piriou 2025 d’environ 350 M€ ; les activités défense sont portées notamment par Kership et les marchés étatiques.,2025,groupe / entité selon libellé,publie,,SRC0091,https://www.piriou.com/,A2 - source primaire corporate,documente_avec_limite_perimetre,"Une valeur est publiée, mais un sous-périmètre associé est explicitement non communiqué ; conserver cette nuance dans l’interface."
26,26,PIRIOU / KERSHIP,carnet_commandes_label,Piriou a publié un CA 2024 d’environ 320 M€ et environ 1 500 salariés au niveau mondial. Carnet Défense détaillé et ratios de marge/dette : n.c..,2024,groupe / entité selon libellé,publie,,SRC0091,https://www.piriou.com/,A2 - source primaire corporate,approximation_documentee,"Présenter comme ordre de grandeur, jamais comme valeur exacte."
26,26,PIRIOU / KERSHIP,indicateurs_financiers_label,CA Piriou 2024 : ~320 M€ ; Carnet Défense : n.c. ; Marge/levier : n.c.,2024,groupe / entité selon libellé,publie,,SRC0091,https://www.piriou.com/,A2 - source primaire corporate,approximation_documentee,"Présenter comme ordre de grandeur, jamais comme valeur exacte."
26,26,PIRIOU / KERSHIP,actionnariat,PIRIOU est un groupe français privé à contrôle historique/familial. Kership est une coentreprise détenue à 55 % par Piriou et 45 % par Naval Group.,2026-08-12,capital / contrôle,publie / synthèse actionnariale,,SRC0091,https://www.piriou.com/,A2 - source primaire corporate,documente,
26,26,PIRIOU / KERSHIP,programmes,"BSAOM/B2M, bâtiments de soutien et d’assistance, patrouilleurs, coopération sur les bâtiments-mères de guerre des mines robotisée pour des marines européennes.",2026-08-12,groupe / entité selon libellé,synthese_documentaire,,SRC0091,https://www.piriou.com/,A2 - source primaire corporate,documente,
26,26,PIRIOU / KERSHIP,code_ape,30.11Z – Construction de navires et de structures flottantes pour les entités de construction navale de référence.,2026-08-12,"entité juridique de référence, pas nécessairement tout le groupe",registre_public / synthèse,,SRC0001,https://www.data.gouv.fr/datasets/base-sirene-des-entreprises-et-de-leurs-etablissements-siren-siret,A1 - registre public officiel,documente,
26,26,PIRIOU / KERSHIP,site_web,https://www.piriou.com/,2026-08-12,groupe / entité selon libellé,metadonnee,,SRC0004,,M - méthode interne,documente,
26,26,PIRIOU / KERSHIP,source_principale,https://www.piriou.com/,2026-08-12,groupe / entité selon libellé,metadonnee,,SRC0004,,M - méthode interne,documente,
26,26,PIRIOU / KERSHIP,source_implantations,https://www.piriou.com/nos-implantations/,2026-08-12,groupe / entité selon libellé,metadonnee,,SRC0004,,M - méthode interne,documente,
26,26,PIRIOU / KERSHIP,source_coordonnees,https://www.data.gouv.fr/datasets/communes-et-villes-de-france-en-csv-excel-json-parquet-et-feather,2026-08-12,groupe / entité selon libellé,metadonnee,,SRC0004,,M - méthode interne,documente,
26,26,PIRIOU / KERSHIP,perimetre_cartographique,"Implantations françaises industrielles, R&D, MCO, essais et fonctions centrales publiquement identifiables ; ce fichier ne vise pas à reproduire chaque SIRET administratif ou micro-bureau commercial.",2026-08-12,groupe / entité selon libellé,metadonnee,,SRC0004,,M - méthode interne,documente,
26,26,PIRIOU / KERSHIP,date_reference,2026-08-12,2026,groupe / entité selon libellé,metadonnee,,SRC0004,,M - méthode interne,documente,
26,26,PIRIOU / KERSHIP,nb_sites_referentiel_initial,4,2026-08-12,référentiel dashboard,calcule_referentiel,,SRC0004,,M - méthode interne,documente,
26,26,PIRIOU / KERSHIP,nb_lignes_sirene_actives,2,2026-08-12,référentiel dashboard,calcule_referentiel,nombre de lignes rattachées à un établissement SIRENE actif,SRC0004,,M - méthode interne,documente,
26,26,PIRIOU / KERSHIP,nb_nouveaux_etablissements_sirene,1,2026-08-12,référentiel dashboard,calcule_referentiel,nombre de lignes origine_ajout = SIRENE,SRC0004,,M - méthode interne,documente,
26,26,PIRIOU / KERSHIP,nb_sirene_sans_signe_bitd,0,2026-08-12,référentiel dashboard,calcule_referentiel,,SRC0004,,M - méthode interne,documente,
26,26,PIRIOU / KERSHIP,nb_sirene_a_confirmer,1,2026-08-12,référentiel dashboard,calcule_referentiel,,SRC0004,,M - méthode interne,documente,
26,26,PIRIOU / KERSHIP,nb_etablissements_v2_total,5,2026-08-12,référentiel dashboard,calcule_referentiel,nombre total de lignes de l’entreprise dans etablissements.csv V2,SRC0004,,M - méthode interne,documente,
26,26,PIRIOU / KERSHIP,nb_etablissements_affiches_par_defaut,5,2026-08-12,référentiel dashboard,calcule_referentiel,nombre de lignes avec affichage_carte_defaut = true,SRC0004,,M - méthode interne,documente,
26,26,PIRIOU / KERSHIP,couverture_sirene_v2,établissements SIRENE actifs des unités légales opérationnelles identifiées et documentées dans cette V2 ; ne prétend pas couvrir toutes les filiales juridiques du groupe,2026-08-12,référentiel dashboard,calcule_referentiel,,SRC0004,,M - méthode interne,documente,
27,27,CNIM SYSTÈMES INDUSTRIELS,id,27,2026-08-12,groupe / entité selon libellé,synthese_documentaire,,SRC0094,https://www.cnim-systemes-industriels.com/,A2 - source primaire corporate,documente,
27,27,CNIM SYSTÈMES INDUSTRIELS,slug,cnim-systemes-industriels,2026-08-12,groupe / entité selon libellé,synthese_documentaire,,SRC0094,https://www.cnim-systemes-industriels.com/,A2 - source primaire corporate,documente,
27,27,CNIM SYSTÈMES INDUSTRIELS,entreprise,CNIM SYSTÈMES INDUSTRIELS,2026-08-12,groupe / entité selon libellé,synthese_documentaire,,SRC0094,https://www.cnim-systemes-industriels.com/,A2 - source primaire corporate,documente,
27,27,CNIM SYSTÈMES INDUSTRIELS,categorie,Équipementier / ETI stratégique,2026-08-12,groupe / entité selon libellé,synthese_documentaire,,SRC0094,https://www.cnim-systemes-industriels.com/,A2 - source primaire corporate,documente,
27,27,CNIM SYSTÈMES INDUSTRIELS,secteur_principal,Systèmes industriels,2026-08-12,groupe / entité selon libellé,synthese_documentaire,,SRC0094,https://www.cnim-systemes-industriels.com/,A2 - source primaire corporate,documente,
27,27,CNIM SYSTÈMES INDUSTRIELS,specialite,"Systèmes de franchissement, équipements lourds, nucléaire et dissuasion",2026-08-12,groupe / entité selon libellé,synthese_documentaire,,SRC0094,https://www.cnim-systemes-industriels.com/,A2 - source primaire corporate,documente,
27,27,CNIM SYSTÈMES INDUSTRIELS,secteurs,"Franchissement militaire, systèmes mécaniques lourds, nucléaire, dissuasion, spatial et intégration industrielle.",2026-08-12,groupe / entité selon libellé,synthese_documentaire,,SRC0094,https://www.cnim-systemes-industriels.com/,A2 - source primaire corporate,documente,
27,27,CNIM SYSTÈMES INDUSTRIELS,description,"CNIM Systèmes Industriels est un équipementier et intégrateur français de systèmes mécaniques complexes pour la défense, le nucléaire, le spatial et les grandes infrastructures scientifiques. Il possède une forte compétence en structures lourdes, mécanismes, intégration et moyens de franchissement. Son site de La Seyne-sur-Mer fournit des équipements à haute criticité, notamment pour la mobilité terrestre, le nucléaire et certains besoins liés à la dissuasion.",2026-08-12,groupe / entité selon libellé,synthese_documentaire,,SRC0094,https://www.cnim-systemes-industriels.com/,A2 - source primaire corporate,documente,
27,27,CNIM SYSTÈMES INDUSTRIELS,siege_ville,La Seyne-sur-Mer,2026-08-12,France / périmètre corporate indiqué,publie,,SRC0094,https://www.cnim-systemes-industriels.com/,A2 - source primaire corporate,documente,
27,27,CNIM SYSTÈMES INDUSTRIELS,siege_departement,Var,2026-08-12,France / périmètre corporate indiqué,publie,,SRC0094,https://www.cnim-systemes-industriels.com/,A2 - source primaire corporate,documente,
27,27,CNIM SYSTÈMES INDUSTRIELS,siege_region,Provence-Alpes-Côte d'Azur,2026-08-12,France / périmètre corporate indiqué,publie,,SRC0094,https://www.cnim-systemes-industriels.com/,A2 - source primaire corporate,documente,
27,27,CNIM SYSTÈMES INDUSTRIELS,siege_latitude,43.088,2026-08-12,commune du siège,geocode_centre_commune,,SRC0003,https://www.data.gouv.fr/datasets/communes-et-villes-de-france-en-csv-excel-json-parquet-et-feather,A1 - registre public officiel,documente,
27,27,CNIM SYSTÈMES INDUSTRIELS,siege_longitude,5.871,2026-08-12,commune du siège,geocode_centre_commune,,SRC0003,https://www.data.gouv.fr/datasets/communes-et-villes-de-france-en-csv-excel-json-parquet-et-feather,A1 - registre public officiel,documente,
27,27,CNIM SYSTÈMES INDUSTRIELS,effectif_label,Environ 430 salariés en 2025.,2025,groupe / entité selon libellé,publie,,SRC0094,https://www.cnim-systemes-industriels.com/,A2 - source primaire corporate,à corriger,"Le CSV indique environ 430 salariés. Le profil corporate affiche 400 collaborateurs. Remplacer par 400 collaborateurs, avec date de consultation."
27,27,CNIM SYSTÈMES INDUSTRIELS,nb_etablissements_france_public,2,2026-08-12,France / périmètre corporate indiqué,publie,,SRC0094,https://www.cnim-systemes-industriels.com/,A2 - source primaire corporate,documente,
27,27,CNIM SYSTÈMES INDUSTRIELS,nb_etablissements_france_public_label,2 implantations françaises principales listées,2026-08-12,France / périmètre corporate indiqué,publie,,SRC0094,https://www.cnim-systemes-industriels.com/,A2 - source primaire corporate,documente,
27,27,CNIM SYSTÈMES INDUSTRIELS,nb_sites_cartographies,2,2026-08-12,référentiel dashboard,calcule_referentiel,nombre de lignes/sites du référentiel initial pour l’entreprise,SRC0004,,M - méthode interne,documente,
27,27,CNIM SYSTÈMES INDUSTRIELS,nb_regions_cartographiees,1,2026-08-12,référentiel dashboard,calcule_referentiel,nombre de régions distinctes parmi les sites cartographiés,SRC0004,,M - méthode interne,documente,
27,27,CNIM SYSTÈMES INDUSTRIELS,couverture_cartographique,2/2 (100%),2026-08-12,référentiel dashboard,calcule_referentiel,nb_sites_cartographies / nb_etablissements_france_public lorsque le dénominateur est comparable,SRC0004,,M - méthode interne,documente,
27,27,CNIM SYSTÈMES INDUSTRIELS,statut_couverture,couverture_complete,2026-08-12,référentiel dashboard,calcule_referentiel,,SRC0004,,M - méthode interne,documente,
27,27,CNIM SYSTÈMES INDUSTRIELS,ca_defense_label,Non communiqué séparément. Chiffre d’affaires 2025 d’environ 128 M€.,2025,groupe / entité selon libellé,publie,,SRC0094,https://www.cnim-systemes-industriels.com/,A2 - source primaire corporate,à revalider / masquer,"Le montant ~128 M€ n’a pas été retrouvé sur une source primaire corporate suffisamment précise lors de l’audit. Masquer ce montant du dashboard tant qu’un compte publié, rapport ou source institutionnelle précise n’est pas attaché."
27,27,CNIM SYSTÈMES INDUSTRIELS,carnet_commandes_label,CA 2025 autour de 128 M€ selon données d’entreprise/registre ; carnet et marges détaillés non publiés. La société dispose d’un grand site intégré à La Seyne-sur-Mer.,2025,groupe / entité selon libellé,publie,,SRC0094,https://www.cnim-systemes-industriels.com/,A2 - source primaire corporate,documente,
27,27,CNIM SYSTÈMES INDUSTRIELS,indicateurs_financiers_label,CA 2025 : ~128 M€ ; Carnet : n.c. ; Marge/levier : n.c.,2025,groupe / entité selon libellé,publie,,SRC0094,https://www.cnim-systemes-industriels.com/,A2 - source primaire corporate,approximation_documentee,"Présenter comme ordre de grandeur, jamais comme valeur exacte."
27,27,CNIM SYSTÈMES INDUSTRIELS,actionnariat,"Depuis septembre 2022, CNIM Systèmes Industriels appartient au groupe REEL, groupe industriel français familial et indépendant. L’acquisition a apporté un soutien industriel et financier après les difficultés de l’ancien groupe CNIM.",2022,capital / contrôle,publie / synthèse actionnariale,,SRC0094,https://www.cnim-systemes-industriels.com/,A2 - source primaire corporate,documente,
27,27,CNIM SYSTÈMES INDUSTRIELS,programmes,"Pont Flottant Motorisé (PFM) et rénovations, systèmes de franchissement, équipements de soutien au nucléaire/dissuasion et programmes industriels stratégiques.",2026-08-12,groupe / entité selon libellé,synthese_documentaire,,SRC0094,https://www.cnim-systemes-industriels.com/,A2 - source primaire corporate,documente,
27,27,CNIM SYSTÈMES INDUSTRIELS,code_ape,"25.30Z – Fabrication de générateurs de vapeur, à l’exception des chaudières pour le chauffage central pour l’unité légale CNIM Systèmes Industriels.",2026-08-12,"entité juridique de référence, pas nécessairement tout le groupe",registre_public / synthèse,,SRC0001,https://www.data.gouv.fr/datasets/base-sirene-des-entreprises-et-de-leurs-etablissements-siren-siret,A1 - registre public officiel,documente,
27,27,CNIM SYSTÈMES INDUSTRIELS,site_web,https://www.cnim-systemes-industriels.com/,2026-08-12,groupe / entité selon libellé,metadonnee,,SRC0004,,M - méthode interne,documente,
27,27,CNIM SYSTÈMES INDUSTRIELS,source_principale,https://www.cnim-systemes-industriels.com/,2026-08-12,groupe / entité selon libellé,metadonnee,,SRC0004,,M - méthode interne,documente,
27,27,CNIM SYSTÈMES INDUSTRIELS,source_implantations,https://www.cnim-systemes-industriels.com/,2026-08-12,groupe / entité selon libellé,metadonnee,,SRC0004,,M - méthode interne,documente,
27,27,CNIM SYSTÈMES INDUSTRIELS,source_coordonnees,https://www.data.gouv.fr/datasets/communes-et-villes-de-france-en-csv-excel-json-parquet-et-feather,2026-08-12,groupe / entité selon libellé,metadonnee,,SRC0004,,M - méthode interne,documente,
27,27,CNIM SYSTÈMES INDUSTRIELS,perimetre_cartographique,"Implantations françaises industrielles, R&D, MCO, essais et fonctions centrales publiquement identifiables ; ce fichier ne vise pas à reproduire chaque SIRET administratif ou micro-bureau commercial.",2026-08-12,groupe / entité selon libellé,metadonnee,,SRC0004,,M - méthode interne,documente,
27,27,CNIM SYSTÈMES INDUSTRIELS,date_reference,2026-08-12,2026,groupe / entité selon libellé,metadonnee,,SRC0004,,M - méthode interne,documente,
27,27,CNIM SYSTÈMES INDUSTRIELS,nb_sites_referentiel_initial,2,2026-08-12,référentiel dashboard,calcule_referentiel,,SRC0004,,M - méthode interne,documente,
27,27,CNIM SYSTÈMES INDUSTRIELS,nb_lignes_sirene_actives,3,2026-08-12,référentiel dashboard,calcule_referentiel,nombre de lignes rattachées à un établissement SIRENE actif,SRC0004,,M - méthode interne,documente,
27,27,CNIM SYSTÈMES INDUSTRIELS,nb_nouveaux_etablissements_sirene,2,2026-08-12,référentiel dashboard,calcule_referentiel,nombre de lignes origine_ajout = SIRENE,SRC0004,,M - méthode interne,documente,
27,27,CNIM SYSTÈMES INDUSTRIELS,nb_sirene_sans_signe_bitd,0,2026-08-12,référentiel dashboard,calcule_referentiel,,SRC0004,,M - méthode interne,documente,
27,27,CNIM SYSTÈMES INDUSTRIELS,nb_sirene_a_confirmer,2,2026-08-12,référentiel dashboard,calcule_referentiel,,SRC0004,,M - méthode interne,documente,
27,27,CNIM SYSTÈMES INDUSTRIELS,nb_etablissements_v2_total,4,2026-08-12,référentiel dashboard,calcule_referentiel,nombre total de lignes de l’entreprise dans etablissements.csv V2,SRC0004,,M - méthode interne,documente,
27,27,CNIM SYSTÈMES INDUSTRIELS,nb_etablissements_affiches_par_defaut,4,2026-08-12,référentiel dashboard,calcule_referentiel,nombre de lignes avec affichage_carte_defaut = true,SRC0004,,M - méthode interne,documente,
27,27,CNIM SYSTÈMES INDUSTRIELS,couverture_sirene_v2,établissements SIRENE actifs des unités légales opérationnelles identifiées et documentées dans cette V2 ; ne prétend pas couvrir toutes les filiales juridiques du groupe,2026-08-12,référentiel dashboard,calcule_referentiel,,SRC0004,,M - méthode interne,documente,
28,28,NSE,id,28,2026-08-12,groupe / entité selon libellé,synthese_documentaire,,SRC0097,https://www.nse-groupe.com/,A2 - source primaire corporate,documente,
28,28,NSE,slug,nse,2026-08-12,groupe / entité selon libellé,synthese_documentaire,,SRC0097,https://www.nse-groupe.com/,A2 - source primaire corporate,documente,
28,28,NSE,entreprise,NSE,2026-08-12,groupe / entité selon libellé,synthese_documentaire,,SRC0097,https://www.nse-groupe.com/,A2 - source primaire corporate,documente,
28,28,NSE,categorie,Équipementier / ETI stratégique,2026-08-12,groupe / entité selon libellé,synthese_documentaire,,SRC0097,https://www.nse-groupe.com/,A2 - source primaire corporate,documente,
28,28,NSE,secteur_principal,Électronique & MCO,2026-08-12,groupe / entité selon libellé,synthese_documentaire,,SRC0097,https://www.nse-groupe.com/,A2 - source primaire corporate,documente,
28,28,NSE,specialite,"Intégration électronique, câblage, équipements embarqués et MCO",2026-08-12,groupe / entité selon libellé,synthese_documentaire,,SRC0097,https://www.nse-groupe.com/,A2 - source primaire corporate,documente,
28,28,NSE,secteurs,"Électronique embarquée, intégration, câblage, bancs de test, MCO, services aéronautiques et défense.",2026-08-12,groupe / entité selon libellé,synthese_documentaire,,SRC0097,https://www.nse-groupe.com/,A2 - source primaire corporate,documente,
28,28,NSE,description,"NSE est une ETI française spécialisée dans la conception, l’intégration, le câblage, le support et le maintien en condition opérationnelle de systèmes électroniques. Le groupe travaille dans l’aéronautique, la défense, le naval et les transports, avec une forte culture de petites et moyennes séries à haute exigence de qualité. Dans la BITD, il intervient comme intégrateur et maintenancier de sous-systèmes embarqués, contribuant à la résilience des chaînes d’approvisionnement et du soutien.",2026-08-12,groupe / entité selon libellé,synthese_documentaire,,SRC0097,https://www.nse-groupe.com/,A2 - source primaire corporate,documente,
28,28,NSE,siege_ville,Nizerolles,2026-08-12,France / périmètre corporate indiqué,publie,,SRC0098,https://www.nse-groupe.com/,A2 - source primaire corporate,documente,
28,28,NSE,siege_departement,Allier,2026-08-12,France / périmètre corporate indiqué,publie,,SRC0098,https://www.nse-groupe.com/,A2 - source primaire corporate,documente,
28,28,NSE,siege_region,Auvergne-Rhône-Alpes,2026-08-12,France / périmètre corporate indiqué,publie,,SRC0098,https://www.nse-groupe.com/,A2 - source primaire corporate,documente,
28,28,NSE,siege_latitude,46.107,2026-08-12,commune du siège,geocode_centre_commune,,SRC0003,https://www.data.gouv.fr/datasets/communes-et-villes-de-france-en-csv-excel-json-parquet-et-feather,A1 - registre public officiel,documente,
28,28,NSE,siege_longitude,3.644,2026-08-12,commune du siège,geocode_centre_commune,,SRC0003,https://www.data.gouv.fr/datasets/communes-et-villes-de-france-en-csv-excel-json-parquet-et-feather,A1 - registre public officiel,documente,
28,28,NSE,effectif_label,Environ 800 à 1 000 collaborateurs selon le périmètre et les acquisitions récentes ; effectif défense non isolé.,2026-08-12,groupe / entité selon libellé,publie,,SRC0100,https://www.nse-groupe.com/2026/07/27/publication-des-resultats-2025-et-du-rapport-de-gestion-du-groupe/,A2 - source primaire corporate,approximation_documentee,"Présenter comme ordre de grandeur, jamais comme valeur exacte."
28,28,NSE,nb_etablissements_france_public,9,2026-08-12,France / périmètre corporate indiqué,publie,,SRC0098,https://www.nse-groupe.com/,A2 - source primaire corporate,documente,
28,28,NSE,nb_etablissements_france_public_label,9 sites en France annoncés par NSE,2026-08-12,France / périmètre corporate indiqué,publie,,SRC0098,https://www.nse-groupe.com/,A2 - source primaire corporate,documente,
28,28,NSE,nb_sites_cartographies,8,2026-08-12,référentiel dashboard,calcule_referentiel,nombre de lignes/sites du référentiel initial pour l’entreprise,SRC0004,,M - méthode interne,documente,
28,28,NSE,nb_regions_cartographiees,3,2026-08-12,référentiel dashboard,calcule_referentiel,nombre de régions distinctes parmi les sites cartographiés,SRC0004,,M - méthode interne,documente,
28,28,NSE,couverture_cartographique,8/9 (89%),2026-08-12,référentiel dashboard,calcule_referentiel,nb_sites_cartographies / nb_etablissements_france_public lorsque le dénominateur est comparable,SRC0004,,M - méthode interne,documente,
28,28,NSE,statut_couverture,couverture_strategique_partielle,2026-08-12,référentiel dashboard,calcule_referentiel,,SRC0004,,M - méthode interne,documente,
28,28,NSE,marge_pct,12.0,2026-08-12,Marge EBITDA,publie_ou_calcule_selon_publication,,SRC0100,https://www.nse-groupe.com/2026/07/27/publication-des-resultats-2025-et-du-rapport-de-gestion-du-groupe/,A2 - source primaire corporate,documente,
28,28,NSE,marge_type,Marge EBITDA,2026-08-12,groupe / entité selon libellé,publie,,SRC0100,https://www.nse-groupe.com/2026/07/27/publication-des-resultats-2025-et-du-rapport-de-gestion-du-groupe/,A2 - source primaire corporate,documente,
28,28,NSE,ca_defense_label,"Non communiqué séparément. Chiffre d’affaires 2025 d’environ 109,6 M€.",2025,groupe / entité selon libellé,publie,,SRC0100,https://www.nse-groupe.com/2026/07/27/publication-des-resultats-2025-et-du-rapport-de-gestion-du-groupe/,A2 - source primaire corporate,documente_avec_limite_perimetre,"Une valeur est publiée, mais un sous-périmètre associé est explicitement non communiqué ; conserver cette nuance dans l’interface."
28,28,NSE,carnet_commandes_label,"CA 2025 109,6 M€, EBITDA 13,1 M€. Carnet global non publié de façon standard ; la société mentionne une baisse ponctuelle de commandes Service Défense compensée par un MRO aéronefs record et un gros contrat export.",2025,groupe / entité selon libellé,publie,,SRC0100,https://www.nse-groupe.com/2026/07/27/publication-des-resultats-2025-et-du-rapport-de-gestion-du-groupe/,A2 - source primaire corporate,documente,
28,28,NSE,indicateurs_financiers_label,"Marge EBITDA : 12,0 % ; Croissance CA 2025 : +6 % ; Carnet/levier : n.c.",2025,groupe / entité selon libellé,publie,,SRC0100,https://www.nse-groupe.com/2026/07/27/publication-des-resultats-2025-et-du-rapport-de-gestion-du-groupe/,A2 - source primaire corporate,documente,
28,28,NSE,actionnariat,"Au dernier état publié : NSE Participations 58,59 %, Crédit Mutuel Equity 20,28 %, François Lacoste 5,69 %, public et autres 15,44 %. Actionnariat très stable et majoritairement structuré autour du véhicule de contrôle historique.",2026-08-12,capital / contrôle,publie / synthèse actionnariale,,SRC0097,https://www.nse-groupe.com/,A2 - source primaire corporate,documente,
28,28,NSE,programmes,"Soutien et équipements pour flottes aéronautiques étatiques, systèmes embarqués terrestres et navals, câblages et MCO de sous-ensembles critiques ; programmes clients détaillés au cas par cas.",2026-08-12,groupe / entité selon libellé,synthese_documentaire,,SRC0097,https://www.nse-groupe.com/,A2 - source primaire corporate,documente,
28,28,NSE,code_ape,"Le groupe comprend plusieurs entités ; les activités principales relèvent notamment de la fabrication d’équipements électroniques et de la réparation/maintenance, à vérifier sur le SIRET contractant.",2026-08-12,"entité juridique de référence, pas nécessairement tout le groupe",registre_public / synthèse,,SRC0001,https://www.data.gouv.fr/datasets/base-sirene-des-entreprises-et-de-leurs-etablissements-siren-siret,A1 - registre public officiel,documente,
28,28,NSE,site_web,https://www.nse-groupe.com/,2026-08-12,groupe / entité selon libellé,metadonnee,,SRC0004,,M - méthode interne,documente,
28,28,NSE,source_principale,https://www.nse-groupe.com/,2026-08-12,groupe / entité selon libellé,metadonnee,,SRC0004,,M - méthode interne,documente,
28,28,NSE,source_implantations,https://www.nse-groupe.com/,2026-08-12,groupe / entité selon libellé,metadonnee,,SRC0004,,M - méthode interne,documente,
28,28,NSE,source_coordonnees,https://www.data.gouv.fr/datasets/communes-et-villes-de-france-en-csv-excel-json-parquet-et-feather,2026-08-12,groupe / entité selon libellé,metadonnee,,SRC0004,,M - méthode interne,documente,
28,28,NSE,perimetre_cartographique,"Implantations françaises industrielles, R&D, MCO, essais et fonctions centrales publiquement identifiables ; ce fichier ne vise pas à reproduire chaque SIRET administratif ou micro-bureau commercial.",2026-08-12,groupe / entité selon libellé,metadonnee,,SRC0004,,M - méthode interne,documente,
28,28,NSE,date_reference,2026-08-12,2026,groupe / entité selon libellé,metadonnee,,SRC0004,,M - méthode interne,documente,
28,28,NSE,nb_sites_referentiel_initial,8,2026-08-12,référentiel dashboard,calcule_referentiel,,SRC0004,,M - méthode interne,documente,
28,28,NSE,nb_lignes_sirene_actives,6,2026-08-12,référentiel dashboard,calcule_referentiel,nombre de lignes rattachées à un établissement SIRENE actif,SRC0004,,M - méthode interne,documente,
28,28,NSE,nb_nouveaux_etablissements_sirene,1,2026-08-12,référentiel dashboard,calcule_referentiel,nombre de lignes origine_ajout = SIRENE,SRC0004,,M - méthode interne,documente,
28,28,NSE,nb_sirene_sans_signe_bitd,0,2026-08-12,référentiel dashboard,calcule_referentiel,,SRC0004,,M - méthode interne,documente,
28,28,NSE,nb_sirene_a_confirmer,1,2026-08-12,référentiel dashboard,calcule_referentiel,,SRC0004,,M - méthode interne,documente,
28,28,NSE,nb_etablissements_v2_total,9,2026-08-12,référentiel dashboard,calcule_referentiel,nombre total de lignes de l’entreprise dans etablissements.csv V2,SRC0004,,M - méthode interne,documente,
28,28,NSE,nb_etablissements_affiches_par_defaut,9,2026-08-12,référentiel dashboard,calcule_referentiel,nombre de lignes avec affichage_carte_defaut = true,SRC0004,,M - méthode interne,documente,
28,28,NSE,couverture_sirene_v2,établissements SIRENE actifs des unités légales opérationnelles identifiées et documentées dans cette V2 ; ne prétend pas couvrir toutes les filiales juridiques du groupe,2026-08-12,référentiel dashboard,calcule_referentiel,,SRC0004,,M - méthode interne,documente,
29,29,SERMA GROUP,id,29,2026-08-12,groupe / entité selon libellé,synthese_documentaire,,SRC0102,https://www.serma.com/,A2 - source primaire corporate,documente,
29,29,SERMA GROUP,slug,serma-group,2026-08-12,groupe / entité selon libellé,synthese_documentaire,,SRC0102,https://www.serma.com/,A2 - source primaire corporate,documente,
29,29,SERMA GROUP,entreprise,SERMA GROUP,2026-08-12,groupe / entité selon libellé,synthese_documentaire,,SRC0102,https://www.serma.com/,A2 - source primaire corporate,documente,
29,29,SERMA GROUP,categorie,Équipementier / ETI stratégique,2026-08-12,groupe / entité selon libellé,synthese_documentaire,,SRC0102,https://www.serma.com/,A2 - source primaire corporate,documente,
29,29,SERMA GROUP,secteur_principal,Électronique & essais,2026-08-12,groupe / entité selon libellé,synthese_documentaire,,SRC0102,https://www.serma.com/,A2 - source primaire corporate,documente,
29,29,SERMA GROUP,specialite,"Électronique, cybersécurité, essais, qualification et expertise composants",2026-08-12,groupe / entité selon libellé,synthese_documentaire,,SRC0102,https://www.serma.com/,A2 - source primaire corporate,documente,
29,29,SERMA GROUP,secteurs,"Électronique, composants, essais et qualification, cybersécurité, microélectronique, énergie et sûreté.",2026-08-12,groupe / entité selon libellé,synthese_documentaire,,SRC0102,https://www.serma.com/,A2 - source primaire corporate,documente,
29,29,SERMA GROUP,description,"SERMA Group est un groupe français d’expertise et d’ingénierie dans l’électronique, la microélectronique, l’énergie et la cybersécurité. Il intervient dans la qualification de composants, les essais, l’analyse de défaillance, la sécurité des systèmes et la conception électronique pour les secteurs aéronautique, spatial et défense. Sa valeur stratégique réside dans la confiance technologique : vérifier, sécuriser et qualifier les composants et systèmes destinés aux environnements critiques.",2026-08-12,groupe / entité selon libellé,synthese_documentaire,,SRC0102,https://www.serma.com/,A2 - source primaire corporate,approximation_documentee,"Présenter comme ordre de grandeur, jamais comme valeur exacte."
29,29,SERMA GROUP,siege_ville,Pessac,2026-08-12,France / périmètre corporate indiqué,publie,,SRC0103,https://www.serma.com/carrieres/offres-emploi/,A2 - source primaire corporate,documente,
29,29,SERMA GROUP,siege_departement,Gironde,2026-08-12,France / périmètre corporate indiqué,publie,,SRC0103,https://www.serma.com/carrieres/offres-emploi/,A2 - source primaire corporate,documente,
29,29,SERMA GROUP,siege_region,Nouvelle-Aquitaine,2026-08-12,France / périmètre corporate indiqué,publie,,SRC0103,https://www.serma.com/carrieres/offres-emploi/,A2 - source primaire corporate,documente,
29,29,SERMA GROUP,siege_latitude,44.792,2026-08-12,commune du siège,geocode_centre_commune,,SRC0003,https://www.data.gouv.fr/datasets/communes-et-villes-de-france-en-csv-excel-json-parquet-et-feather,A1 - registre public officiel,documente,
29,29,SERMA GROUP,siege_longitude,-0.676,2026-08-12,commune du siège,geocode_centre_commune,,SRC0003,https://www.data.gouv.fr/datasets/communes-et-villes-de-france-en-csv-excel-json-parquet-et-feather,A1 - registre public officiel,documente,
29,29,SERMA GROUP,effectif_label,Environ 1 500 collaborateurs.,2026-08-12,groupe / entité selon libellé,publie,,SRC0102,https://www.serma.com/,A2 - source primaire corporate,approximation_documentee,"Présenter comme ordre de grandeur, jamais comme valeur exacte."
29,29,SERMA GROUP,nb_etablissements_france_public_label,"n.c. pour la France ; SERMA annonce 30 sites en Europe, Tunisie et aux États-Unis au niveau groupe",2026-08-12,France / périmètre corporate indiqué,publie,,SRC0103,https://www.serma.com/carrieres/offres-emploi/,A2 - source primaire corporate,documente,
29,29,SERMA GROUP,nb_sites_cartographies,12,2026-08-12,référentiel dashboard,calcule_referentiel,nombre de lignes/sites du référentiel initial pour l’entreprise,SRC0004,,M - méthode interne,documente,
29,29,SERMA GROUP,nb_regions_cartographiees,6,2026-08-12,référentiel dashboard,calcule_referentiel,nombre de régions distinctes parmi les sites cartographiés,SRC0004,,M - méthode interne,documente,
29,29,SERMA GROUP,couverture_cartographique,12 sites cartographiés; total public comparable n.c.,2026-08-12,référentiel dashboard,calcule_referentiel,nb_sites_cartographies / nb_etablissements_france_public lorsque le dénominateur est comparable,SRC0004,,M - méthode interne,documente,
29,29,SERMA GROUP,statut_couverture,sites_publics_identifies_non_exhaustivite_juridique,2026-08-12,référentiel dashboard,calcule_referentiel,,SRC0004,,M - méthode interne,documente,
29,29,SERMA GROUP,ca_defense_label,Non communiqué séparément. Chiffre d’affaires 2025 d’environ 201 M€.,2025,groupe / entité selon libellé,publie,,SRC0102,https://www.serma.com/,A2 - source primaire corporate,documente_avec_limite_perimetre,"Une valeur est publiée, mais un sous-périmètre associé est explicitement non communiqué ; conserver cette nuance dans l’interface."
29,29,SERMA GROUP,carnet_commandes_label,"CA 2025 autour de 201 M€ selon les données de groupe disponibles. Carnet, marge et dette détaillés : n.c.. Groupe d’environ 1 500 ingénieurs et techniciens et plus de 30 sites.",2025,groupe / entité selon libellé,publie,,SRC0102,https://www.serma.com/,A2 - source primaire corporate,approximation_documentee,"Présenter comme ordre de grandeur, jamais comme valeur exacte."
29,29,SERMA GROUP,indicateurs_financiers_label,Part managers/salariés au capital : 60 % ; CA 2025 : ~201 M€ ; Marge/levier/carnet : n.c.,2025,groupe / entité selon libellé,publie,,SRC0102,https://www.serma.com/,A2 - source primaire corporate,approximation_documentee,"Présenter comme ordre de grandeur, jamais comme valeur exacte."
29,29,SERMA GROUP,actionnariat,"Modèle d’actionnariat participatif : environ 60 % du capital détenu par les managers et salariés ; les 40 % restants sont détenus par des partenaires investisseurs, notamment Ardian Expansion, Chequers Capital et Bpifrance.",2026-08-12,capital / contrôle,publie / synthèse actionnariale,,SRC0105,https://www.serma.com/le-groupe-serma-remporte-le-prix-esg-pour-sa-gouvernance-et-son-actionnariat-participatif/,A2 - source primaire corporate,approximation_documentee,"Présenter comme ordre de grandeur, jamais comme valeur exacte."
29,29,SERMA GROUP,programmes,"Qualification et sécurisation de composants pour chaînes aéronautiques, missiles et spatial militaire, évaluations cyber et sûreté des systèmes critiques ; programmes clients rarement ventilés publiquement.",2026-08-12,groupe / entité selon libellé,synthese_documentaire,,SRC0102,https://www.serma.com/,A2 - source primaire corporate,documente,
29,29,SERMA GROUP,code_ape,"Selon l’entité : 71.20B – Analyses, essais et inspections techniques pour les activités de laboratoire/qualification ; les sociétés cyber et ingénierie ont leurs propres codes.",2026-08-12,"entité juridique de référence, pas nécessairement tout le groupe",registre_public / synthèse,,SRC0001,https://www.data.gouv.fr/datasets/base-sirene-des-entreprises-et-de-leurs-etablissements-siren-siret,A1 - registre public officiel,documente,
29,29,SERMA GROUP,site_web,https://www.serma.com/,2026-08-12,groupe / entité selon libellé,metadonnee,,SRC0004,,M - méthode interne,documente,
29,29,SERMA GROUP,source_principale,https://www.serma.com/,2026-08-12,groupe / entité selon libellé,metadonnee,,SRC0004,,M - méthode interne,documente,
29,29,SERMA GROUP,source_implantations,https://www.serma.com/carrieres/offres-emploi/,2026-08-12,groupe / entité selon libellé,metadonnee,,SRC0004,,M - méthode interne,documente,
29,29,SERMA GROUP,source_coordonnees,https://www.data.gouv.fr/datasets/communes-et-villes-de-france-en-csv-excel-json-parquet-et-feather,2026-08-12,groupe / entité selon libellé,metadonnee,,SRC0004,,M - méthode interne,documente,
29,29,SERMA GROUP,perimetre_cartographique,"Implantations françaises industrielles, R&D, MCO, essais et fonctions centrales publiquement identifiables ; ce fichier ne vise pas à reproduire chaque SIRET administratif ou micro-bureau commercial.",2026-08-12,groupe / entité selon libellé,metadonnee,,SRC0004,,M - méthode interne,documente,
29,29,SERMA GROUP,date_reference,2026-08-12,2026,groupe / entité selon libellé,metadonnee,,SRC0004,,M - méthode interne,documente,
29,29,SERMA GROUP,nb_sites_referentiel_initial,12,2026-08-12,référentiel dashboard,calcule_referentiel,,SRC0004,,M - méthode interne,documente,
29,29,SERMA GROUP,nb_lignes_sirene_actives,15,2026-08-12,référentiel dashboard,calcule_referentiel,nombre de lignes rattachées à un établissement SIRENE actif,SRC0004,,M - méthode interne,documente,
29,29,SERMA GROUP,nb_nouveaux_etablissements_sirene,8,2026-08-12,référentiel dashboard,calcule_referentiel,nombre de lignes origine_ajout = SIRENE,SRC0004,,M - méthode interne,documente,
29,29,SERMA GROUP,nb_sirene_sans_signe_bitd,0,2026-08-12,référentiel dashboard,calcule_referentiel,,SRC0004,,M - méthode interne,documente,
29,29,SERMA GROUP,nb_sirene_a_confirmer,8,2026-08-12,référentiel dashboard,calcule_referentiel,,SRC0004,,M - méthode interne,documente,
29,29,SERMA GROUP,nb_etablissements_v2_total,20,2026-08-12,référentiel dashboard,calcule_referentiel,nombre total de lignes de l’entreprise dans etablissements.csv V2,SRC0004,,M - méthode interne,documente,
29,29,SERMA GROUP,nb_etablissements_affiches_par_defaut,20,2026-08-12,référentiel dashboard,calcule_referentiel,nombre de lignes avec affichage_carte_defaut = true,SRC0004,,M - méthode interne,documente,
29,29,SERMA GROUP,couverture_sirene_v2,établissements SIRENE actifs des unités légales opérationnelles identifiées et documentées dans cette V2 ; ne prétend pas couvrir toutes les filiales juridiques du groupe,2026-08-12,référentiel dashboard,calcule_referentiel,,SRC0004,,M - méthode interne,documente,
30,30,SOGECLAIR,id,30,2026-08-12,groupe / entité selon libellé,synthese_documentaire,,SRC0106,https://sogeclair.com/,A2 - source primaire corporate,documente,
30,30,SOGECLAIR,slug,sogeclair,2026-08-12,groupe / entité selon libellé,synthese_documentaire,,SRC0106,https://sogeclair.com/,A2 - source primaire corporate,documente,
30,30,SOGECLAIR,entreprise,SOGECLAIR,2026-08-12,groupe / entité selon libellé,synthese_documentaire,,SRC0106,https://sogeclair.com/,A2 - source primaire corporate,documente,
30,30,SOGECLAIR,categorie,Équipementier / ETI stratégique,2026-08-12,groupe / entité selon libellé,synthese_documentaire,,SRC0106,https://sogeclair.com/,A2 - source primaire corporate,documente,
30,30,SOGECLAIR,secteur_principal,Ingénierie & simulation,2026-08-12,groupe / entité selon libellé,synthese_documentaire,,SRC0106,https://sogeclair.com/,A2 - source primaire corporate,documente,
30,30,SOGECLAIR,specialite,"Ingénierie, simulation et équipements pour l’aéronautique et la défense",2026-08-12,groupe / entité selon libellé,synthese_documentaire,,SRC0106,https://sogeclair.com/,A2 - source primaire corporate,documente,
30,30,SOGECLAIR,secteurs,"Ingénierie, simulation, entraînement, systèmes embarqués, équipements aéronautiques et défense.",2026-08-12,groupe / entité selon libellé,synthese_documentaire,,SRC0106,https://sogeclair.com/,A2 - source primaire corporate,documente,
30,30,SOGECLAIR,description,"Sogeclair est une ETI d’ingénierie et de technologies active dans l’aéronautique, la défense, le spatial et les transports. Le groupe fournit des prestations d’ingénierie, de simulation, de formation et certains équipements ou sous-ensembles pour les grands industriels. Sa part défense est plus faible que celle des pure players précédents, mais ses compétences de simulation et d’ingénierie en font un acteur utile des chaînes de conception, d’industrialisation et d’entraînement.",2026-08-12,groupe / entité selon libellé,synthese_documentaire,,SRC0106,https://sogeclair.com/,A2 - source primaire corporate,documente,
30,30,SOGECLAIR,siege_ville,Blagnac,2026-08-12,France / périmètre corporate indiqué,publie,,SRC0107,https://sogeclair.com/contact/,A2 - source primaire corporate,documente,
30,30,SOGECLAIR,siege_departement,Haute-Garonne,2026-08-12,France / périmètre corporate indiqué,publie,,SRC0107,https://sogeclair.com/contact/,A2 - source primaire corporate,documente,
30,30,SOGECLAIR,siege_region,Occitanie,2026-08-12,France / périmètre corporate indiqué,publie,,SRC0107,https://sogeclair.com/contact/,A2 - source primaire corporate,documente,
30,30,SOGECLAIR,siege_latitude,43.642,2026-08-12,commune du siège,geocode_centre_commune,,SRC0003,https://www.data.gouv.fr/datasets/communes-et-villes-de-france-en-csv-excel-json-parquet-et-feather,A1 - registre public officiel,documente,
30,30,SOGECLAIR,siege_longitude,1.379,2026-08-12,commune du siège,geocode_centre_commune,,SRC0003,https://www.data.gouv.fr/datasets/communes-et-villes-de-france-en-csv-excel-json-parquet-et-feather,A1 - registre public officiel,documente,
30,30,SOGECLAIR,effectif_label,1 155 collaborateurs en 2025 ; effectif strictement défense non publié.,2025,groupe / entité selon libellé,publie,,SRC0108,https://sogeclair.com/fr/sog-news/communiques-de-presse/resultats-annuels-2025,A2 - source primaire corporate,documente,
30,30,SOGECLAIR,nb_etablissements_france_public,9,2026-08-12,France / périmètre corporate indiqué,publie,,SRC0107,https://sogeclair.com/contact/,A2 - source primaire corporate,documente,
30,30,SOGECLAIR,nb_etablissements_france_public_label,9 implantations France listées sur la page groupe,2026-08-12,France / périmètre corporate indiqué,publie,,SRC0107,https://sogeclair.com/contact/,A2 - source primaire corporate,documente,
30,30,SOGECLAIR,nb_sites_cartographies,9,2026-08-12,référentiel dashboard,calcule_referentiel,nombre de lignes/sites du référentiel initial pour l’entreprise,SRC0004,,M - méthode interne,documente,
30,30,SOGECLAIR,nb_regions_cartographiees,4,2026-08-12,référentiel dashboard,calcule_referentiel,nombre de régions distinctes parmi les sites cartographiés,SRC0004,,M - méthode interne,documente,
30,30,SOGECLAIR,couverture_cartographique,9/9 (100%),2026-08-12,référentiel dashboard,calcule_referentiel,nb_sites_cartographies / nb_etablissements_france_public lorsque le dénominateur est comparable,SRC0004,,M - méthode interne,documente,
30,30,SOGECLAIR,statut_couverture,couverture_complete,2026-08-12,référentiel dashboard,calcule_referentiel,,SRC0004,,M - méthode interne,documente,
30,30,SOGECLAIR,marge_pct,11.7,2026-08-12,Marge EBITDA,publie_ou_calcule_selon_publication,,SRC0108,https://sogeclair.com/fr/sog-news/communiques-de-presse/resultats-annuels-2025,A2 - source primaire corporate,documente,
30,30,SOGECLAIR,marge_type,Marge EBITDA,2026-08-12,groupe / entité selon libellé,publie,,SRC0108,https://sogeclair.com/fr/sog-news/communiques-de-presse/resultats-annuels-2025,A2 - source primaire corporate,documente,
30,30,SOGECLAIR,ca_defense_label,"14,2 % du CA 2025, soit environ 22,8 M€ sur un chiffre d’affaires groupe de 160,3 M€.",2025,groupe / entité selon libellé,publie,,SRC0108,https://sogeclair.com/fr/sog-news/communiques-de-presse/resultats-annuels-2025,A2 - source primaire corporate,approximation_documentee,"Présenter comme ordre de grandeur, jamais comme valeur exacte."
30,30,SOGECLAIR,carnet_commandes_label,"CA 2025 160,3 M€, EBITDA 18,7 M€, résultat opérationnel 10,2 M€, résultat net 6,8 M€, trésorerie disponible 23,2 M€. La Défense représente 14,2 % du CA 2025, soit environ 22,8 M€ calculés. Le groupe signale des décalages de commandes publiques et une reconstitution attendue du carnet.",2025,groupe / entité selon libellé,publie,,SRC0108,https://sogeclair.com/fr/sog-news/communiques-de-presse/resultats-annuels-2025,A2 - source primaire corporate,approximation_documentee,"Présenter comme ordre de grandeur, jamais comme valeur exacte."
30,30,SOGECLAIR,indicateurs_financiers_label,"Marge EBITDA : 11,7 % ; Marge opérationnelle : 6,4 % ; Marge nette : 4,3 % ; Gearing hors IFRS 16 : -6,96 % (position de trésorerie nette)",2026-08-12,groupe / entité selon libellé,publie,,SRC0108,https://sogeclair.com/fr/sog-news/communiques-de-presse/resultats-annuels-2025,A2 - source primaire corporate,documente,
30,30,SOGECLAIR,actionnariat,"Le concert familial Robardey détient environ 65 % du groupe. SOGECLAIR est coté sur Euronext Growth, avec une gouvernance familiale de long terme.",2026-08-12,capital / contrôle,publie / synthèse actionnariale,,SRC0109,https://sogeclair.com/fr/sog-news/communiques-de-presse/sogeclair-nouvelle-gouvernance,A2 - source primaire corporate,approximation_documentee,"Présenter comme ordre de grandeur, jamais comme valeur exacte."
30,30,SOGECLAIR,programmes,"Contribution aux chaînes Rafale/A400M via l’ingénierie et l’industrialisation, simulation et entraînement pour systèmes de défense ; prestations selon contrats clients.",2026-08-12,groupe / entité selon libellé,synthese_documentaire,,SRC0106,https://sogeclair.com/,A2 - source primaire corporate,documente,
30,30,SOGECLAIR,code_ape,"71.12B – Ingénierie, études techniques pour l’activité de référence du groupe en France.",2026-08-12,"entité juridique de référence, pas nécessairement tout le groupe",registre_public / synthèse,,SRC0001,https://www.data.gouv.fr/datasets/base-sirene-des-entreprises-et-de-leurs-etablissements-siren-siret,A1 - registre public officiel,documente,
30,30,SOGECLAIR,site_web,https://sogeclair.com/,2026-08-12,groupe / entité selon libellé,metadonnee,,SRC0004,,M - méthode interne,documente,
30,30,SOGECLAIR,source_principale,https://sogeclair.com/,2026-08-12,groupe / entité selon libellé,metadonnee,,SRC0004,,M - méthode interne,documente,
30,30,SOGECLAIR,source_implantations,https://sogeclair.com/contact/,2026-08-12,groupe / entité selon libellé,metadonnee,,SRC0004,,M - méthode interne,documente,
30,30,SOGECLAIR,source_coordonnees,https://www.data.gouv.fr/datasets/communes-et-villes-de-france-en-csv-excel-json-parquet-et-feather,2026-08-12,groupe / entité selon libellé,metadonnee,,SRC0004,,M - méthode interne,documente,
30,30,SOGECLAIR,perimetre_cartographique,"Implantations françaises industrielles, R&D, MCO, essais et fonctions centrales publiquement identifiables ; ce fichier ne vise pas à reproduire chaque SIRET administratif ou micro-bureau commercial.",2026-08-12,groupe / entité selon libellé,metadonnee,,SRC0004,,M - méthode interne,documente,
30,30,SOGECLAIR,date_reference,2026-08-12,2026,groupe / entité selon libellé,metadonnee,,SRC0004,,M - méthode interne,documente,
30,30,SOGECLAIR,nb_sites_referentiel_initial,9,2026-08-12,référentiel dashboard,calcule_referentiel,,SRC0004,,M - méthode interne,documente,
30,30,SOGECLAIR,nb_lignes_sirene_actives,6,2026-08-12,référentiel dashboard,calcule_referentiel,nombre de lignes rattachées à un établissement SIRENE actif,SRC0004,,M - méthode interne,documente,
30,30,SOGECLAIR,nb_nouveaux_etablissements_sirene,2,2026-08-12,référentiel dashboard,calcule_referentiel,nombre de lignes origine_ajout = SIRENE,SRC0004,,M - méthode interne,documente,
30,30,SOGECLAIR,nb_sirene_sans_signe_bitd,0,2026-08-12,référentiel dashboard,calcule_referentiel,,SRC0004,,M - méthode interne,documente,
30,30,SOGECLAIR,nb_sirene_a_confirmer,1,2026-08-12,référentiel dashboard,calcule_referentiel,,SRC0004,,M - méthode interne,documente,
30,30,SOGECLAIR,nb_etablissements_v2_total,11,2026-08-12,référentiel dashboard,calcule_referentiel,nombre total de lignes de l’entreprise dans etablissements.csv V2,SRC0004,,M - méthode interne,documente,
30,30,SOGECLAIR,nb_etablissements_affiches_par_defaut,9,2026-08-12,référentiel dashboard,calcule_referentiel,nombre de lignes avec affichage_carte_defaut = true,SRC0004,,M - méthode interne,documente,
30,30,SOGECLAIR,couverture_sirene_v2,établissements SIRENE actifs des unités légales opérationnelles identifiées et documentées dans cette V2 ; ne prétend pas couvrir toutes les filiales juridiques du groupe,2026-08-12,référentiel dashboard,calcule_referentiel,,SRC0004,,M - méthode interne,documente,
